data/batch_6/000097.JPG,1918,1134,2119,1379,Plásticos flexibles
data/batch_15/000029.jpg,83,650,185,753,Tapas plasticas
data/batch_5/000091.JPG,1930,1362,2158,1553,Espuma flex
data/batch_3/IMG_5003.JPG,1157,2086,1358,2147,Plásticos duros
data/batch_1/000014.jpg,836,1010,1175,1217,Carton
data/batch_12/000088.jpg,1744,2051,2060,2844,Espuma flex
data/batch_12/000047.jpg,1450,964,1512,1150,Empaques PET
data/batch_11/000067.jpg,1162,1990,1666,2797, Envases de Tetra Pak
data/batch_11/000085.jpg,973,2258,1491,2769,Tapas plasticas
data/batch_9/000025.jpg,715,1442,1115,1763,Plásticos flexibles
data/batch_15/000023.jpg,317,391,890,797,Plásticos flexibles
data/batch_12/000088.jpg,3508,2198,4008,2655,Plásticos flexibles
data/batch_13/000009.jpg,117,1580,503,2682,Empaques PET
data/batch_11/000097.jpg,1433,2368,1710,2589, Envases de Tetra Pak
data/batch_13/000053.jpg,2941,1158,3744,1793,Espuma flex
data/batch_5/000014.JPG,1519,1436,1814,1677,Espuma flex
data/batch_13/000054.jpg,2360,1061,2646,1453,Latas
data/batch_6/000001.JPG,1865,1732,2441,2412,Plásticos flexibles
data/batch_5/000015.JPG,949,1536,1035,1631,Latas
data/batch_15/000007.jpg,818,1255,1356,1469,Papel
data/batch_14/000091.jpg,1435,2140,1764,2484,Tapas plasticas
data/batch_13/000025.jpg,80,2668,367,2723,Plásticos flexibles
data/batch_8/000033.jpg,888,710,1146,922,Empaques PET
data/batch_1/000019.jpg,589,548,930,953,Latas
data/batch_12/000090.jpg,1779,1913,2530,2679,Plásticos flexibles
data/batch_11/000053.jpg,891,698,2336,2013,Carton
data/batch_2/000023.JPG,1901,1060,2250,1294,Plásticos flexibles
data/batch_7/000023.JPG,1160,995,1290,1072,Carton
data/batch_7/000029.JPG,618,1574,1340,2062,Plásticos duros
data/batch_5/000063.JPG,992,1266,1229,1471,Papel
data/batch_6/000092.JPG,1524,1406,1792,1501,Plásticos flexibles
data/batch_11/000016.jpg,2257,386,3070,1823,Espuma flex
data/batch_6/000042.JPG,1373,950,1831,1349,Espuma flex
data/batch_14/000081.jpg,313,1993,715,2468,Latas
data/batch_5/000029.JPG,1256,1544,1540,1784,Carton
data/batch_13/000036.jpg,2917,2489,3056,2639,Tapas plasticas
data/batch_5/000002.JPG,1410,1275,1646,1516,Latas
data/batch_7/000071.JPG,1558,807,1802,887,Plásticos flexibles
data/batch_1/000045.jpg,395,475,819,961,Latas
data/batch_7/000054.JPG,1751,1946,1839,2031,Plásticos flexibles
data/batch_7/000020.JPG,2045,1521,2380,1698,Espuma flex
data/batch_12/000051.jpg,2911,672,2988,744,Plásticos duros
data/batch_7/000112.JPG,1628,1543,1753,1628,Empaques PET
data/batch_7/000125.JPG,3034,2035,3125,2113,Espuma flex
data/batch_6/000103.JPG,1488,1559,1508,1578,Tapas plasticas
data/batch_15/000004.jpg,1435,1924,1985,2246,Vidrio
data/batch_7/000078.JPG,1633,1734,1861,1952,Plásticos flexibles
data/batch_6/000073.JPG,2058,878,2319,1660,Empaques PET
data/batch_11/000079.jpg,2820,2185,3156,2424,Plásticos duros
data/batch_12/000059.jpg,235,168,402,268,Plásticos flexibles
data/batch_15/000079.jpg,926,1661,1468,2297,Plásticos flexibles
data/batch_15/000063.jpg,1342,845,1417,911,Plásticos duros
data/batch_12/000084.jpg,538,1403,1114,1866,Plásticos flexibles
data/batch_15/000052.jpg,512,595,579,674,Plásticos flexibles
data/batch_12/000051.jpg,2880,2693,2969,2878,Plásticos duros
data/batch_2/000073.JPG,2386,1294,2429,1363,Plásticos flexibles
data/batch_12/000090.jpg,243,796,881,1444,Plásticos flexibles
data/batch_7/000092.JPG,1254,493,1680,1222,Latas
data/batch_8/000014.jpg,1184,1451,1511,1584,Latas
data/batch_5/000012.JPG,1277,1590,1779,1931,Latas
data/batch_3/IMG_4969.JPG,770,1267,814,1359,Vidrio
data/batch_3/IMG_4977.JPG,1155,1733,1416,1998,Latas
data/batch_9/000009.jpg,2362,2338,2398,2447,Plásticos flexibles
data/batch_2/000010.JPG,1862,1467,2351,1968,Empaques PET
data/batch_13/000041.jpg,1190,863,1540,2952,Plásticos flexibles
data/batch_5/000019.JPG,1126,1414,1348,1618,Plásticos duros
data/batch_7/000118.JPG,1674,1217,1897,1484,Latas
data/batch_2/000053.JPG,1604,788,1958,1002,Plásticos flexibles
data/batch_2/000082.JPG,1270,1295,1480,1674,Vidrio
data/batch_3/IMG_4878.JPG,576,30,2083,870,Carton
data/batch_12/000062.jpg,2175,547,2227,617,Plásticos flexibles
data/batch_4/000097.JPG,1611,1676,1877,1825,Plásticos flexibles
data/batch_6/000041.JPG,1303,410,2631,1179,Papel
data/batch_8/000099.jpg,1088,761,1655,1261,Empaques PET
data/batch_6/000006.JPG,3047,1483,3135,1547,Tapas plasticas
data/batch_11/000079.jpg,2898,217,3426,806,Plásticos duros
data/batch_6/000092.JPG,1590,1400,1716,1489,Plásticos duros
data/batch_2/000023.JPG,1549,1081,1977,1317,Plásticos flexibles
data/batch_5/000119.JPG,2107,1200,2500,1433,Plásticos duros
data/batch_5/000107.JPG,1720,1104,2028,1522,Espuma flex
data/batch_8/000007.jpg,883,871,2110,1894,Empaques PET
data/batch_14/000053.jpg,1837,2158,3539,2819,Plásticos duros
data/batch_3/IMG_4941.JPG,1584,1747,1674,1953,Plásticos flexibles
data/batch_15/000015.jpg,2920,1124,2994,1183,Empaques PET
data/batch_5/000111.JPG,804,1987,1114,2198,Vidrio
data/batch_2/000013.JPG,1047,1312,1359,1651,Plásticos flexibles
data/batch_8/000023.jpg,349,541,1136,1399,Plásticos flexibles
data/batch_1/000043.jpg,602,290,1467,1349,Latas
data/batch_1/000115.JPG,993,520,1058,617,Tapas plasticas
data/batch_1/000099.JPG,850,1772,1274,2190,Plásticos duros
data/batch_12/000019.jpg,1018,2237,1108,2341,Tapas plasticas
data/batch_15/000013.jpg,790,2243,1307,2784,Latas
data/batch_14/000030.jpg,1206,2049,1655,2490,Tapas plasticas
data/batch_12/000043.jpg,2074,2548,2131,2661,Carton
data/batch_12/000080.jpg,1582,1241,3565,2327,Papel
data/batch_8/000027.jpg,1060,1536,1256,1666,Plásticos duros
data/batch_5/000083.JPG,1990,982,2035,1042,Tapas plasticas
data/batch_7/000049.JPG,1818,1694,1945,1828,Plásticos flexibles
data/batch_5/000072.JPG,1463,682,1987,1148,Empaques PET
data/batch_1/000000.jpg,710,1225,863,1423,Empaques PET
data/batch_6/000061.JPG,1069,585,1429,816,Empaques PET
data/batch_7/000087.JPG,1589,1353,1856,1695,Plásticos flexibles
data/batch_1/000118.JPG,831,1289,1179,1540,Plásticos flexibles
data/batch_11/000039.jpg,1862,2358,2501,2889,Carton
data/batch_6/000099.JPG,1137,1665,1530,1912,Empaques PET
data/batch_8/000008.jpg,1357,1141,1740,1737,Latas
data/batch_7/000125.JPG,2732,1889,2806,1950,Espuma flex
data/batch_15/000009.jpg,342,1948,389,1984,Plásticos duros
data/batch_15/000049.jpg,1531,999,2356,3016,Empaques PET
data/batch_2/000025.JPG,1135,1366,1312,1807,Vidrio
data/batch_8/000070.jpg,1986,556,2186,784,Plásticos flexibles
data/batch_5/000093.JPG,1544,676,1762,849,Espuma flex
data/batch_7/000047.JPG,1178,1425,1397,1598,Vidrio
data/batch_14/000042.jpg,795,1791,1513,2640,Empaques PET
data/batch_8/000048.jpg,1747,1836,1777,1898,Tapas plasticas
data/batch_2/000003.JPG,2069,804,2771,1376,Plásticos flexibles
data/batch_8/000059.jpg,696,683,735,735,Plásticos flexibles
data/batch_10/000044.jpg,568,1640,816,1729,Plásticos flexibles
data/batch_13/000027.jpg,398,1433,2480,2840,Latas
data/batch_7/000085.JPG,407,874,530,1023,Empaques PET
data/batch_7/000011.JPG,2999,2432,3307,2605,Latas
data/batch_9/000008.jpg,112,1673,310,1848,Plásticos duros
data/batch_2/000023.JPG,1143,751,2487,1450,Plásticos flexibles
data/batch_3/IMG_4996.JPG,1099,1438,1396,2250,Empaques PET
data/batch_15/000052.jpg,575,1516,2075,2741,Plásticos flexibles
data/batch_1/000107.JPG,2061,501,2250,787,Plásticos flexibles
data/batch_8/000062.jpg,48,679,234,1014,Plásticos flexibles
data/batch_5/000069.JPG,1009,1434,1380,1695,Plásticos flexibles
data/batch_14/000088.jpg,1965,2095,2019,2128,Espuma flex
data/batch_2/000031.JPG,1344,1957,1688,2247,Espuma flex
data/batch_9/000082.jpg,1470,888,1643,1057,Plásticos flexibles
data/batch_7/000081.JPG,1542,750,1731,847,Plásticos flexibles
data/batch_13/000025.jpg,1123,2134,1368,2231,Plásticos flexibles
data/batch_8/000014.jpg,1495,1071,1637,1391,Latas
data/batch_1/000127.JPG,768,1254,1730,1929,Latas
data/batch_6/000103.JPG,338,1929,465,1994, Envases de Tetra Pak
data/batch_12/000074.jpg,821,1153,865,1212,Plásticos flexibles
data/batch_8/000010.jpg,1509,1011,1767,1338,Vidrio
data/batch_9/000091.jpg,1260,1274,1777,1584,Empaques PET
data/batch_12/000062.jpg,1355,1510,1456,1610,Espuma flex
data/batch_1/000106.JPG,1105,827,1861,1122,Carton
data/batch_3/IMG_4941.JPG,1468,1449,1546,1521,Plásticos duros
data/batch_6/000078.JPG,1775,939,1993,1019,Empaques PET
data/batch_5/000008.JPG,1032,1443,1541,1721,Empaques PET
data/batch_1/000115.JPG,2427,845,2840,1107,Papel
data/batch_12/000059.jpg,134,264,360,452,Plásticos flexibles
data/batch_7/000077.JPG,618,1456,782,1738,Empaques PET
data/batch_12/000014.jpg,971,1668,2099,2739,Tapas plasticas
data/batch_6/000037.JPG,1,1340,188,1433,Latas
data/batch_10/000014.jpg,2335,853,2544,921,Vidrio
data/batch_6/000102.JPG,1089,1423,1309,1622,Plásticos flexibles
data/batch_1/000014.jpg,1072,983,1196,1130,Espuma flex
data/batch_1/000092.JPG,277,686,1410,1884,Carton
data/batch_5/000001.JPG,1310,1445,1603,1657,Empaques PET
data/batch_1/000062.JPG,1447,829,2050,1490,Latas
data/batch_6/000072.JPG,2131,180,2179,213,Latas
data/batch_1/000128.JPG,0,0,1528,1687,Carton
data/batch_8/000051.jpg,530,1457,740,1555,Empaques PET
data/batch_7/000122.JPG,945,1276,1058,1463,Plásticos duros
data/batch_8/000076.jpg,675,1918,708,1966,Tapas plasticas
data/batch_7/000063.JPG,1445,874,1567,1346,Plásticos flexibles
data/batch_9/000008.jpg,0,428,191,584,Plásticos duros
data/batch_10/000010.jpg,2859,1447,2939,1505,Empaques PET
data/batch_4/000058.JPG,1988,1177,2888,1554,Plásticos flexibles
data/batch_2/000027.JPG,2791,1391,3168,1673,Latas
data/batch_14/000056.jpg,889,1487,1951,2705,Tapas plasticas
data/batch_6/000017.JPG,352,957,904,1551, Envases de Tetra Pak
data/batch_14/000079.jpg,2198,2085,2365,2190,Plásticos duros
data/batch_5/000063.JPG,831,1072,1831,1996,Plásticos flexibles
data/batch_13/000045.jpg,745,943,1261,1879,Latas
data/batch_12/000061.jpg,2706,697,2889,781,Plásticos flexibles
data/batch_15/000066.jpg,288,292,381,351,Plásticos duros
data/batch_4/000008.JPG,1095,1381,1537,1892,Plásticos flexibles
data/batch_2/000024.JPG,1340,166,1942,2374,Vidrio
data/batch_15/000043.jpg,628,1019,744,1280,Plásticos duros
data/batch_7/000024.JPG,1163,1156,1297,1292,Latas
data/batch_5/000057.JPG,1008,1968,1521,2268,Plásticos flexibles
data/batch_8/000036.jpg,646,444,1249,910,Vidrio
data/batch_12/000059.jpg,2743,2267,2803,2349,Tapas plasticas
data/batch_12/000043.jpg,2552,1486,2795,1749,Empaques PET
data/batch_7/000021.JPG,0,1738,515,2401,Papel
data/batch_4/000066.JPG,1810,1203,2011,1362,Plásticos duros
data/batch_4/000000.JPG,1430,1109,1500,1174,Tapas plasticas
data/batch_2/000048.JPG,1233,1519,1452,1798,Latas
data/batch_8/000035.jpg,1343,498,1516,612,Vidrio
data/batch_8/000014.jpg,1066,1068,1224,1422,Latas
data/batch_7/000079.JPG,1003,1762,1367,1905,Empaques PET
data/batch_13/000013.jpg,1163,947,1237,1049,Plásticos flexibles
data/batch_4/000060.JPG,2377,957,2757,1227,Plásticos duros
data/batch_3/IMG_4948.JPG,1383,1628,1411,1658,Plásticos duros
data/batch_13/000043.jpg,1221,658,1655,1051,Tapas plasticas
data/batch_1/000067.JPG,31,194,1731,2301,Carton
data/batch_6/000103.JPG,1488,1463,1596,1579,Empaques PET
data/batch_12/000043.jpg,1404,1963,1589,2128,Latas
data/batch_7/000052.JPG,3017,1814,3069,1869,Plásticos duros
data/batch_14/000069.jpg,25,1561,2340,2935,Latas
data/batch_13/000054.jpg,926,1827,1122,2156,Latas
data/batch_6/000100.JPG,994,579,1602,894,Empaques PET
data/batch_13/000026.jpg,1196,3,1799,575,Empaques PET
data/batch_4/000067.JPG,1680,1430,2054,2107,Plásticos flexibles
data/batch_6/000056.JPG,1151,1206,1841,1965,Carton
data/batch_6/000013.JPG,971,703,1213,965,Latas
data/batch_1/000082.JPG,966,1399,1491,1884,Plásticos flexibles
data/batch_7/000113.JPG,1537,1554,1718,1705,Empaques PET
data/batch_12/000061.jpg,1885,1686,2108,1824,Plásticos flexibles
data/batch_15/000030.jpg,689,807,923,1084,Latas
data/batch_12/000029.jpg,1208,2847,1248,2962,Tapas plasticas
data/batch_4/000066.JPG,2565,1498,2865,1699,Plásticos duros
data/batch_10/000075.jpg,913,1658,961,1720,Empaques PET
data/batch_10/000015.jpg,1252,1523,1300,1549,Latas
data/batch_12/000009.jpg,2083,548,2153,725,Plásticos flexibles
data/batch_11/000040.jpg,23,1478,481,1615,Carton
data/batch_11/000055.jpg,926,2200,1912,2827,Espuma flex
data/batch_8/000092.jpg,1647,130,1811,272,Plásticos flexibles
data/batch_7/000134.JPG,647,922,670,978,Plásticos duros
data/batch_8/000069.jpg,2098,1078,2145,1108,Tapas plasticas
data/batch_13/000035.jpg,1830,1555,2958,2256,Plásticos duros
data/batch_7/000008.JPG,3319,1746,3467,1793,Plásticos duros
data/batch_3/IMG_4941.JPG,3022,1673,3169,1725,Vidrio
data/batch_5/000018.JPG,993,1152,1410,1462,Plásticos flexibles
data/batch_10/000034.jpg,852,157,974,206,Papel
data/batch_11/000075.jpg,2356,2107,2418,2158,Espuma flex
data/batch_1/000084.JPG,1905,284,2051,435,Latas
data/batch_13/000059.jpg,2,862,740,1733,Espuma flex
data/batch_3/IMG_5068.JPG,516,681,1034,1248,Papel
data/batch_8/000055.jpg,584,584,710,688,Plásticos flexibles
data/batch_13/000044.jpg,299,1450,1222,2257,Plásticos duros
data/batch_4/000065.JPG,1563,1282,1764,1421,Plásticos duros
data/batch_5/000062.JPG,997,1926,1157,2258,Plásticos duros
data/batch_7/000089.JPG,1449,1316,1578,1355,Empaques PET
data/batch_15/000010.jpg,598,1024,1454,1808,Papel
data/batch_15/000074.jpg,942,820,1199,977,Plásticos flexibles
data/batch_13/000049.jpg,1343,1321,2149,2119,Espuma flex
data/batch_6/000015.JPG,1283,1556,1774,1774,Empaques PET
data/batch_7/000018.JPG,1081,1048,1361,1319,Espuma flex
data/batch_6/000072.JPG,919,2093,1022,2184,Plásticos flexibles
data/batch_15/000021.jpg,896,234,995,351,Espuma flex
data/batch_2/000034.JPG,669,536,820,1011,Vidrio
data/batch_5/000094.JPG,1084,1854,1306,2059,Espuma flex
data/batch_7/000072.JPG,1070,1284,1513,1601,Empaques PET
data/batch_6/000072.JPG,1140,1722,1212,1819,Empaques PET
data/batch_9/000062.jpg,1038,1733,1306,2071,Carton
data/batch_6/000024.JPG,1509,1195,1728,1390,Latas
data/batch_11/000010.jpg,411,1155,718,1226,Carton
data/batch_1/000048.jpg,1677,460,1888,558,Tapas plasticas
data/batch_8/000054.jpg,812,301,948,435,Plásticos flexibles
data/batch_7/000053.JPG,2288,1931,2474,1967,Plásticos duros
data/batch_7/000078.JPG,932,2042,1259,2228,Carton
data/batch_13/000023.jpg,2338,693,2996,1557,Plásticos flexibles
data/batch_3/IMG_4901.JPG,425,1970,486,2035,Carton
data/batch_7/000141.JPG,1100,1315,1525,1649,Plásticos flexibles
data/batch_15/000066.jpg,1351,268,1437,331,Plásticos duros
data/batch_12/000090.jpg,2586,2884,2706,2985,Tapas plasticas
data/batch_13/000053.jpg,2279,1151,2414,1332,Carton
data/batch_11/000023.jpg,2258,1709,2770,2046,Tapas plasticas
data/batch_3/IMG_5046.JPG,987,1969,1391,2408,Latas
data/batch_3/IMG_5002.JPG,454,1145,1197,1526,Plásticos duros
data/batch_7/000010.JPG,3577,1127,3634,1173,Tapas plasticas
data/batch_10/000005.jpg,544,750,681,930,Plásticos duros
data/batch_7/000085.JPG,1064,762,1082,802,Tapas plasticas
data/batch_1/000072.JPG,1,1413,815,2443,Papel
data/batch_1/000021.jpg,256,705,934,1122,Plásticos flexibles
data/batch_12/000084.jpg,2424,2284,2673,2702,Empaques PET
data/batch_5/000073.JPG,1085,1901,1597,2372,Latas
data/batch_9/000094.jpg,2258,766,2622,1001,Empaques PET
data/batch_8/000068.jpg,1061,767,1173,845,Plásticos flexibles
data/batch_14/000073.jpg,1377,1841,1960,2424,Plásticos duros
data/batch_8/000014.jpg,1631,1053,1771,1408,Latas
data/batch_14/000092.jpg,1082,1908,1717,2331,Carton
data/batch_10/000001.jpg,247,101,705,499,Empaques PET
data/batch_11/000037.jpg,2311,1872,2850,2144,Papel
data/batch_12/000034.jpg,1402,1138,1476,1254,Tapas plasticas
data/batch_2/000022.JPG,1514,1725,1559,1749,Papel
data/batch_7/000064.JPG,1409,1558,1547,1686,Plásticos flexibles
data/batch_2/000017.JPG,814,1873,1155,2297,Papel
data/batch_5/000029.JPG,947,1665,1206,1869,Plásticos duros
data/batch_7/000022.JPG,2071,190,2303,242,Plásticos duros
data/batch_3/IMG_4862.JPG,1136,1282,1534,1784,Carton
data/batch_3/IMG_5041.JPG,1340,989,2304,2436,Plásticos flexibles
data/batch_1/000016.jpg,593,934,1025,1172,Vidrio
data/batch_2/000029.JPG,1084,1784,1331,2152,Latas
data/batch_7/000018.JPG,1821,1373,1862,1411,Espuma flex
data/batch_12/000016.jpg,1558,855,2684,1663,Empaques PET
data/batch_11/000048.jpg,715,1961,1811,2626,Latas
data/batch_7/000016.JPG,358,844,703,964,Empaques PET
data/batch_7/000080.JPG,2093,1023,2235,1265,Empaques PET
data/batch_3/IMG_4922.JPG,1081,1132,1336,1506,Papel
data/batch_10/000001.jpg,2577,423,2745,562,Empaques PET
data/batch_7/000018.JPG,2241,1811,2309,1865,Espuma flex
data/batch_12/000051.jpg,486,2344,581,2498,Plásticos duros
data/batch_7/000049.JPG,528,1944,660,2051,Plásticos flexibles
data/batch_6/000104.JPG,501,908,1131,1489,Empaques PET
data/batch_7/000098.JPG,1103,1273,2234,1675,Plásticos duros
data/batch_7/000117.JPG,2285,873,2631,1177,Espuma flex
data/batch_8/000007.jpg,1546,1816,2139,2247,Empaques PET
data/batch_5/000007.JPG,1461,956,1793,1175,Latas
data/batch_14/000059.jpg,1168,1620,1608,2167,Carton
data/batch_4/000086.JPG,1251,1177,1693,1708,Empaques PET
data/batch_3/IMG_4902.JPG,1170,1060,1534,1332,Empaques PET
data/batch_1/000031.jpg,470,1040,883,1361,Latas
data/batch_12/000029.jpg,724,840,1001,1334,Plásticos flexibles
data/batch_5/000034.JPG,1250,1608,1529,1952,Carton
data/batch_15/000019.jpg,1845,892,2047,1009,Empaques PET
data/batch_2/000091.JPG,1626,1383,2047,1622,Plásticos flexibles
data/batch_15/000039.jpg,1258,2249,1598,2595,Plásticos flexibles
data/batch_3/IMG_4941.JPG,0,1944,157,2086,Papel
data/batch_5/000017.JPG,907,1125,1366,1446,Latas
data/batch_1/000059.jpg,1032,281,1060,427,Carton
data/batch_3/IMG_4887.JPG,974,1074,1177,1207,Latas
data/batch_11/000079.jpg,3867,1515,4031,1680,Plásticos duros
data/batch_7/000049.JPG,645,2335,775,2436,Plásticos flexibles
data/batch_6/000072.JPG,1116,1743,1182,1831,Empaques PET
data/batch_3/IMG_4963.JPG,1327,1254,1620,1493,Empaques PET
data/batch_4/000009.JPG,894,1606,1365,1714,Plásticos duros
data/batch_8/000039.jpg,946,2079,1444,2286,Vidrio
data/batch_7/000048.JPG,1497,1822,1674,2375,Papel
data/batch_15/000029.jpg,1278,1348,1479,1492,Plásticos flexibles
data/batch_7/000133.JPG,1413,556,2067,1095,Plásticos flexibles
data/batch_7/000122.JPG,1211,1659,1368,1810,Plásticos duros
data/batch_7/000113.JPG,1538,1670,1568,1699,Tapas plasticas
data/batch_15/000065.jpg,1861,1405,2415,2114,Latas
data/batch_4/000023.JPG,2069,1254,2275,1375,Tapas plasticas
data/batch_10/000023.jpg,583,1544,714,1597,Empaques PET
data/batch_7/000078.JPG,2156,1604,2190,1698,Plásticos flexibles
data/batch_5/000027.JPG,1256,234,1431,920,Vidrio
data/batch_7/000092.JPG,1710,517,2880,1887, Envases de Tetra Pak
data/batch_15/000084.jpg,1059,699,1403,1893,Vidrio
data/batch_3/IMG_5055.JPG,1134,1780,1466,2088,Latas
data/batch_9/000076.jpg,857,1155,1004,1540,Vidrio
data/batch_12/000015.jpg,1804,1225,2035,1442,Tapas plasticas
data/batch_10/000085.jpg,789,1525,892,1638,Plásticos flexibles
data/batch_6/000055.JPG,3031,1012,3165,1062,Plásticos flexibles
data/batch_6/000057.JPG,1041,639,1292,1010,Latas
data/batch_3/IMG_5065.JPG,826,679,2322,1670,Plásticos flexibles
data/batch_9/000023.jpg,2078,1928,2123,2017,Plásticos duros
data/batch_2/000000.JPG,962,1152,1440,2023,Empaques PET
data/batch_11/000079.jpg,1527,724,3937,2076,Plásticos duros
data/batch_1/000106.JPG,760,1661,1283,1856,Carton
data/batch_15/000010.jpg,2781,2216,2858,2296,Plásticos duros
data/batch_5/000015.JPG,1125,1571,1335,1676,Latas
data/batch_8/000013.jpg,1064,442,1399,648,Empaques PET
data/batch_1/000040.jpg,1450,379,1964,991,Latas
data/batch_5/000033.JPG,896,1710,1145,2071,Plásticos flexibles
data/batch_12/000025.jpg,1183,2363,1295,2458,Plásticos duros
data/batch_11/000079.jpg,866,414,1051,641,Plásticos duros
data/batch_11/000074.jpg,2034,1252,3043,1626,Espuma flex
data/batch_3/IMG_4969.JPG,1293,1028,1339,1067,Empaques PET
data/batch_9/000097.jpg,354,575,648,1196,Vidrio
data/batch_9/000065.jpg,669,458,877,584,Papel
data/batch_6/000057.JPG,412,1065,557,1334,Latas
data/batch_2/000081.JPG,1022,1632,1498,2078,Plásticos flexibles
data/batch_14/000094.jpg,1630,2329,1716,2406,Tapas plasticas
data/batch_4/000096.JPG,987,2133,1153,2288,Tapas plasticas
data/batch_12/000097.jpg,1472,2881,2489,3080,Plásticos flexibles
data/batch_9/000050.jpg,349,726,2085,2047,Carton
data/batch_6/000047.JPG,941,799,1852,1409,Empaques PET
data/batch_15/000000.jpg,2204,2198,2422,2451,Espuma flex
data/batch_11/000026.jpg,2459,1427,3456,2484,Empaques PET
data/batch_7/000058.JPG,1371,1814,1558,2095,Empaques PET
data/batch_11/000052.jpg,915,1859,1243,2562,Plásticos duros
data/batch_4/000042.JPG,167,1399,616,1739,Papel
data/batch_15/000010.jpg,2720,2220,2783,2288,Plásticos duros
data/batch_12/000050.jpg,1145,2484,1223,2566,Tapas plasticas
data/batch_1/000024.jpg,463,1112,589,1274,Empaques PET
data/batch_7/000066.JPG,1716,1246,1795,1358,Espuma flex
data/batch_7/000122.JPG,659,1477,752,1534,Plásticos duros
data/batch_9/000064.jpg,1249,1082,1442,1260,Latas
data/batch_9/000077.jpg,1594,1403,1662,1464,Tapas plasticas
data/batch_9/000026.jpg,1547,2099,1668,2217,Tapas plasticas
data/batch_7/000047.JPG,1258,1457,1545,1585,Papel
data/batch_7/000036.JPG,1029,933,1314,1209, Envases de Tetra Pak
data/batch_3/IMG_4996.JPG,800,145,1431,516,Latas
data/batch_7/000085.JPG,555,1481,693,1713,Empaques PET
data/batch_6/000065.JPG,1074,1401,1277,1702,Empaques PET
data/batch_12/000060.jpg,1862,785,2346,1203,Plásticos flexibles
data/batch_10/000071.jpg,418,1362,726,1412,Plásticos duros
data/batch_10/000037.jpg,683,88,766,138,Carton
data/batch_13/000025.jpg,405,917,624,1379,Plásticos flexibles
data/batch_3/IMG_5050.JPG,891,675,1346,1220,Plásticos duros
data/batch_13/000025.jpg,2228,1922,2375,2614,Plásticos flexibles
data/batch_6/000102.JPG,1395,1845,1596,1952,Empaques PET
data/batch_6/000014.JPG,718,1321,971,1602,Empaques PET
data/batch_14/000013.jpg,465,1150,4038,2342,Empaques PET
data/batch_2/000064.JPG,0,1503,394,1883,Papel
data/batch_15/000072.jpg,149,1136,482,1523,Empaques PET
data/batch_15/000073.jpg,0,1154,301,1506,Plásticos flexibles
data/batch_15/000053.jpg,1365,1282,1601,1416,Tapas plasticas
data/batch_7/000042.JPG,334,657,593,804, Envases de Tetra Pak
data/batch_6/000057.JPG,2150,138,2998,882,Plásticos flexibles
data/batch_1/000004.jpg,649,55,742,143,Latas
data/batch_13/000054.jpg,1016,2353,1284,2712,Latas
data/batch_15/000001.jpg,1063,2602,1257,2780,Tapas plasticas
data/batch_3/IMG_5036.JPG,1235,886,1431,944,Empaques PET
data/batch_13/000064.jpg,581,933,3519,3119,Plásticos duros
data/batch_8/000014.jpg,1901,1057,2042,1532,Empaques PET
data/batch_11/000075.jpg,1403,2087,1492,2189,Tapas plasticas
data/batch_15/000027.jpg,429,980,743,1299,Plásticos duros
data/batch_5/000042.JPG,1340,1374,1492,1512,Plásticos duros
data/batch_3/IMG_4980.JPG,241,1165,492,1342,Plásticos flexibles
data/batch_1/000059.jpg,744,551,1536,1328,Papel
data/batch_11/000024.jpg,3103,1832,3450,2081,Tapas plasticas
data/batch_12/000043.jpg,2750,1715,2796,1751,Tapas plasticas
data/batch_9/000053.jpg,575,1365,758,1544, Envases de Tetra Pak
data/batch_11/000080.jpg,964,1719,2328,2948,Plásticos flexibles
data/batch_12/000095.jpg,1443,1667,1634,1762,Espuma flex
data/batch_6/000037.JPG,805,1054,831,1087,Plásticos duros
data/batch_7/000085.JPG,135,188,206,253,Carton
data/batch_9/000008.jpg,0,1129,155,1245,Empaques PET
data/batch_5/000020.JPG,959,1131,1554,2031,Carton
data/batch_11/000092.jpg,436,1816,603,1941,Plásticos flexibles
data/batch_15/000022.jpg,932,1026,1032,1266,Espuma flex
data/batch_7/000021.JPG,1199,815,1592,1035,Espuma flex
data/batch_12/000090.jpg,3205,1321,3669,2052,Empaques PET
data/batch_8/000030.jpg,1309,912,1365,943,Tapas plasticas
data/batch_1/000098.JPG,571,985,1018,1799,Empaques PET
data/batch_7/000127.JPG,1650,1465,1805,1582,Espuma flex
data/batch_1/000045.jpg,1128,327,1624,975,Latas
data/batch_12/000084.jpg,136,2970,370,3112,Latas
data/batch_7/000022.JPG,458,1449,1237,1922,Empaques PET
data/batch_13/000015.jpg,1023,1392,1168,1475,Plásticos flexibles
data/batch_7/000140.JPG,1145,1472,1373,1603,Plásticos duros
data/batch_2/000038.JPG,1332,926,1369,954,Plásticos duros
data/batch_2/000052.JPG,1004,2121,1614,2152,Plásticos flexibles
data/batch_8/000057.jpg,505,791,599,877,Carton
data/batch_6/000023.JPG,727,1550,824,1654,Tapas plasticas
data/batch_7/000045.JPG,1188,1207,1389,1580, Envases de Tetra Pak
data/batch_10/000093.jpg,0,1390,142,1497,Vidrio
data/batch_2/000026.JPG,424,1378,568,1507,Latas
data/batch_2/000022.JPG,1225,1717,1254,1746,Tapas plasticas
data/batch_13/000094.jpg,727,821,3809,2258,Latas
data/batch_6/000056.JPG,1254,412,1593,803,Empaques PET
data/batch_5/000055.JPG,974,491,1047,767,Plásticos flexibles
data/batch_4/000004.JPG,1903,1054,2287,1141,Papel
data/batch_4/000034.JPG,1252,1028,1319,1160,Espuma flex
data/batch_14/000054.jpg,2508,2278,3108,2451,Plásticos duros
data/batch_7/000078.JPG,172,2,1292,594,Plásticos flexibles
data/batch_1/000012.jpg,904,1083,941,1109,Plásticos flexibles
data/batch_11/000075.jpg,727,1418,1535,1912,Espuma flex
data/batch_5/000092.JPG,617,1443,1172,2009,Papel
data/batch_15/000029.jpg,1145,731,1196,798,Plásticos flexibles
data/batch_14/000004.jpg,534,354,3606,2818,Plásticos flexibles
data/batch_7/000049.JPG,614,1589,814,2083,Empaques PET
data/batch_12/000088.jpg,3536,3037,3671,3117,Plásticos flexibles
data/batch_1/000047.jpg,189,751,1806,1340,Empaques PET
data/batch_15/000017.jpg,1279,2232,1380,2275,Tapas plasticas
data/batch_8/000024.jpg,1328,1589,1628,1708,Plásticos flexibles
data/batch_14/000079.jpg,1074,1449,1643,2157,Latas
data/batch_8/000053.jpg,1450,986,1514,1037,Papel
data/batch_8/000017.jpg,1763,1182,1845,1227,Latas
data/batch_1/000017.jpg,713,530,904,903,Vidrio
data/batch_7/000035.JPG,1256,1288,1480,1436,Plásticos flexibles
data/batch_14/000022.jpg,1227,706,2658,1941,Papel
data/batch_11/000077.jpg,1023,1173,1787,2774,Espuma flex
data/batch_6/000024.JPG,1172,919,1260,955,Plásticos flexibles
data/batch_12/000061.jpg,1491,2397,1620,2584,Plásticos flexibles
data/batch_3/IMG_4875.JPG,227,398,2408,2444,Carton
data/batch_14/000007.jpg,3356,1348,3654,1915,Tapas plasticas
data/batch_4/000097.JPG,1567,1375,1829,1497,Empaques PET
data/batch_12/000085.jpg,2902,1630,3000,1736,Plásticos duros
data/batch_5/000102.JPG,1511,738,1882,988, Envases de Tetra Pak
data/batch_6/000032.JPG,951,1516,1188,1672,Empaques PET
data/batch_2/000058.JPG,1076,1168,1363,1500,Plásticos flexibles
data/batch_5/000015.JPG,1132,1522,1318,1609,Latas
data/batch_3/IMG_4941.JPG,542,1894,846,2054,Papel
data/batch_2/000050.JPG,1127,1498,1184,1694,Plásticos flexibles
data/batch_15/000000.jpg,1913,2245,2192,2456,Espuma flex
data/batch_9/000079.jpg,775,1350,800,1371,Tapas plasticas
data/batch_13/000036.jpg,1011,1985,1193,2155,Tapas plasticas
data/batch_3/IMG_4948.JPG,1309,1638,1344,1671,Tapas plasticas
data/batch_8/000053.jpg,2376,1042,2405,1079,Papel
data/batch_6/000037.JPG,1616,705,1877,953,Empaques PET
data/batch_11/000026.jpg,2656,1340,3625,1818,Plásticos flexibles
data/batch_2/000041.JPG,1558,1781,1707,1987,Latas
data/batch_9/000014.jpg,1460,1498,1918,1809,Plásticos flexibles
data/batch_9/000048.jpg,110,1969,254,2044,Plásticos duros
data/batch_11/000006.jpg,1195,1337,1455,1565,Carton
data/batch_4/000010.JPG,714,1190,774,1222,Plásticos duros
data/batch_3/IMG_5068.JPG,486,1423,941,1736,Papel
data/batch_12/000046.jpg,2228,2488,2486,2735,Plásticos duros
data/batch_5/000046.JPG,1067,1422,1391,1794,Latas
data/batch_5/000031.JPG,1324,1524,1413,1901,Plásticos flexibles
data/batch_8/000076.jpg,675,1810,979,1965,Empaques PET
data/batch_7/000120.JPG,1505,282,1680,332,Plásticos duros
data/batch_2/000043.JPG,1264,1228,1425,1418,Latas
data/batch_15/000033.jpg,1243,1683,1892,2400,Plásticos duros
data/batch_7/000044.JPG,868,1186,974,1275,Espuma flex
data/batch_12/000029.jpg,2826,2733,2987,2884,Papel
data/batch_1/000037.jpg,929,557,1308,1057,Latas
data/batch_1/000101.JPG,1040,59,1950,2311,Papel
data/batch_8/000012.jpg,964,1254,1364,1577,Empaques PET
data/batch_7/000110.JPG,1189,1791,1333,2025,Tapas plasticas
data/batch_13/000009.jpg,242,2588,419,2682,Tapas plasticas
data/batch_7/000131.JPG,1289,1423,1353,1486,Tapas plasticas
data/batch_9/000061.jpg,1078,1298,1258,1459,Plásticos flexibles
data/batch_8/000032.jpg,1611,490,2464,1359,Carton
data/batch_14/000079.jpg,1324,2005,2341,2865,Empaques PET
data/batch_6/000047.JPG,939,1302,1037,1407,Tapas plasticas
data/batch_3/IMG_4969.JPG,1422,898,1445,933,Latas
data/batch_13/000025.jpg,1102,2729,1125,2803,Plásticos flexibles
data/batch_7/000065.JPG,2292,920,2314,944,Tapas plasticas
data/batch_8/000011.jpg,1039,1681,1197,2193,Empaques PET
data/batch_6/000038.JPG,1403,1199,1582,1297,Empaques PET
data/batch_6/000097.JPG,1450,1257,1918,1469,Empaques PET
data/batch_15/000000.jpg,1249,11,1348,182,Latas
data/batch_1/000068.JPG,898,1777,1668,1974,Plásticos flexibles
data/batch_4/000090.JPG,1120,2024,1262,2074,Plásticos flexibles
data/batch_12/000061.jpg,1050,2083,1139,2173,Plásticos flexibles
data/batch_1/000099.JPG,657,15,1210,598,Plásticos flexibles
data/batch_11/000019.jpg,2689,1780,3151,2060,Empaques PET
data/batch_9/000056.jpg,1795,123,1897,226,Plásticos duros
data/batch_7/000078.JPG,177,538,1871,1993,Plásticos flexibles
data/batch_13/000047.jpg,3112,605,3756,2454,Plásticos flexibles
data/batch_13/000003.jpg,1708,779,2096,1033,Carton
data/batch_12/000043.jpg,2336,1337,2476,1493,Latas
data/batch_6/000083.JPG,738,2047,936,2226,Empaques PET
data/batch_3/IMG_5039.JPG,1216,1246,1320,1385,Plásticos duros
data/batch_12/000000.jpg,2608,197,2688,383,Plásticos flexibles
data/batch_5/000070.JPG,1230,1046,1411,1470,Empaques PET
data/batch_6/000097.JPG,1570,1455,2082,1682,Empaques PET
data/batch_3/IMG_4941.JPG,130,1800,308,1911,Plásticos flexibles
data/batch_6/000017.JPG,1257,1054,2067,1872,Carton
data/batch_13/000009.jpg,2681,789,2950,944,Plásticos flexibles
data/batch_12/000088.jpg,3896,300,3955,642,Plásticos flexibles
data/batch_5/000045.JPG,921,1511,1072,1592,Plásticos duros
data/batch_6/000069.JPG,999,586,1607,900,Empaques PET
data/batch_15/000029.jpg,12,952,380,982,Plásticos flexibles
data/batch_11/000078.jpg,742,1555,2100,2759,Espuma flex
data/batch_7/000036.JPG,1132,1412,1440,1715,Carton
data/batch_1/000127.JPG,634,71,1147,234,Plásticos duros
data/batch_12/000036.jpg,923,1302,1351,1934,Plásticos duros
data/batch_4/000094.JPG,1694,1094,2476,1680,Plásticos duros
data/batch_3/IMG_4862.JPG,704,1275,780,1366,Tapas plasticas
data/batch_1/000019.jpg,1212,822,1391,1268,Empaques PET
data/batch_14/000037.jpg,988,1551,2015,2793,Empaques PET
data/batch_6/000013.JPG,1036,1105,1432,1414,Plásticos flexibles
data/batch_12/000028.jpg,1980,2901,2077,2965,Plásticos flexibles
data/batch_3/IMG_5042.JPG,1445,1048,1902,2158,Vidrio
data/batch_12/000062.jpg,2750,1487,2849,1603,Espuma flex
data/batch_6/000063.JPG,787,1774,1937,2087,Espuma flex
data/batch_1/000032.jpg,503,808,948,1165,Latas
data/batch_13/000005.jpg,838,2457,1022,2535,Carton
data/batch_9/000037.jpg,1405,1855,1489,1938,Tapas plasticas
data/batch_8/000023.jpg,2410,754,2493,813,Papel
data/batch_11/000045.jpg,1302,1804,1665,2216,Plásticos flexibles
data/batch_7/000047.JPG,1358,1415,1602,1574,Vidrio
data/batch_1/000062.JPG,1963,405,2044,452,Plásticos flexibles
data/batch_6/000037.JPG,2326,390,2414,485,Plásticos flexibles
data/batch_3/IMG_5063.JPG,2014,380,2610,993,Plásticos duros
data/batch_3/IMG_4889.JPG,982,1196,1244,1320,Latas
data/batch_6/000011.JPG,1199,1736,1451,1886,Plásticos duros
data/batch_6/000033.JPG,1040,1226,1157,1343,Plásticos duros
data/batch_15/000062.jpg,624,121,948,214,Empaques PET
data/batch_7/000022.JPG,902,1100,1528,1901,Empaques PET
data/batch_5/000013.JPG,704,1622,952,1748,Latas
data/batch_5/000009.JPG,775,1749,1179,1975,Plásticos flexibles
data/batch_5/000111.JPG,996,2177,1041,2216,Tapas plasticas
data/batch_13/000025.jpg,1078,1337,1290,1855,Plásticos flexibles
data/batch_12/000075.jpg,3019,1647,3761,1761,Plásticos flexibles
data/batch_13/000015.jpg,139,2187,509,2491,Carton
data/batch_1/000062.JPG,1113,411,1218,591,Papel
data/batch_12/000055.jpg,2282,2446,2943,3037,Plásticos flexibles
data/batch_13/000012.jpg,1925,1307,2673,2071,Tapas plasticas
data/batch_2/000043.JPG,1046,1277,1267,1398,Latas
data/batch_7/000017.JPG,1436,1742,1791,2200,Empaques PET
data/batch_15/000029.jpg,948,975,1019,1071,Empaques PET
data/batch_8/000053.jpg,699,1274,740,1290,Plásticos duros
data/batch_1/000006.jpg,517,127,964,1449,Vidrio
data/batch_12/000056.jpg,1169,286,2664,2206,Plásticos flexibles
data/batch_10/000011.jpg,2331,487,2548,1021,Vidrio
data/batch_5/000088.JPG,681,1590,769,1677,Tapas plasticas
data/batch_6/000066.JPG,554,189,723,292,Empaques PET
data/batch_5/000009.JPG,1476,1010,1573,1373,Plásticos flexibles
data/batch_13/000036.jpg,2781,1425,3041,1984,Empaques PET
data/batch_3/IMG_4967.JPG,1694,1674,1823,1734,Plásticos duros
data/batch_12/000042.jpg,1172,2272,1585,2707,Tapas plasticas
data/batch_12/000062.jpg,2439,1599,2561,1653,Plásticos flexibles
data/batch_7/000051.JPG,599,2068,703,2174,Plásticos flexibles
data/batch_4/000097.JPG,1559,1589,1599,1606,Plásticos duros
data/batch_12/000061.jpg,1210,1513,1472,1695,Plásticos flexibles
data/batch_6/000073.JPG,2131,1616,2215,1657,Tapas plasticas
data/batch_6/000090.JPG,710,1624,918,1814,Empaques PET
data/batch_11/000057.jpg,1180,2049,1948,2835,Tapas plasticas
data/batch_6/000057.JPG,1594,677,1802,1039,Latas
data/batch_9/000014.jpg,2065,1373,2653,1576,Plásticos flexibles
data/batch_6/000093.JPG,1636,1900,1758,2034,Tapas plasticas
data/batch_7/000085.JPG,59,1072,224,1187,Empaques PET
data/batch_5/000049.JPG,1935,608,2447,1323,Carton
data/batch_7/000134.JPG,1093,1815,1235,1934,Plásticos flexibles
data/batch_7/000001.JPG,2199,1013,2311,1057,Plásticos duros
data/batch_1/000005.jpg,824,557,913,793,Empaques PET
data/batch_14/000025.jpg,670,1870,2250,2377,Empaques PET
data/batch_1/000045.jpg,804,465,1143,966,Latas
data/batch_7/000080.JPG,2133,1232,2183,1266,Tapas plasticas
data/batch_14/000083.jpg,2136,2288,2355,2663,Plásticos flexibles
data/batch_13/000096.jpg,739,800,3391,2564,Plásticos duros
data/batch_1/000026.jpg,556,944,1046,1280,Latas
data/batch_13/000025.jpg,1224,2175,1450,2590,Plásticos flexibles
data/batch_6/000066.JPG,1532,495,1613,564,Empaques PET
data/batch_1/000085.JPG,871,1258,1712,1571,Plásticos flexibles
data/batch_14/000036.jpg,815,1508,1663,2183,Latas
data/batch_10/000093.jpg,2588,1543,2731,1822,Vidrio
data/batch_6/000006.JPG,2660,1067,2722,1096,Tapas plasticas
data/batch_8/000069.jpg,2087,1079,2404,1535,Empaques PET
data/batch_2/000085.JPG,1300,918,1504,1493,Plásticos flexibles
data/batch_12/000050.jpg,1670,2471,1732,2536,Plásticos duros
data/batch_4/000097.JPG,1320,1558,1359,1577,Plásticos duros
data/batch_7/000044.JPG,1420,989,1467,1018,Plásticos flexibles
data/batch_6/000058.JPG,865,649,1561,1360,Empaques PET
data/batch_9/000085.jpg,1471,526,1675,671,Carton
data/batch_12/000034.jpg,2243,121,2983,636,Plásticos flexibles
data/batch_12/000061.jpg,1852,1718,2049,1980,Plásticos flexibles
data/batch_5/000015.JPG,942,1624,1152,1712,Latas
data/batch_10/000084.jpg,1318,1316,1531,1459,Plásticos flexibles
data/batch_7/000060.JPG,1279,1541,1580,1739,Plásticos flexibles
data/batch_2/000000.JPG,1045,1151,1171,1216,Tapas plasticas
data/batch_2/000008.JPG,431,882,1593,1998,Carton
data/batch_5/000022.JPG,1399,1017,2004,1379,Papel
data/batch_5/000015.JPG,1724,1558,1845,1642,Carton
data/batch_3/IMG_5067.JPG,1131,1450,1642,2098,Papel
data/batch_4/000029.JPG,1227,794,1347,966,Plásticos duros
data/batch_10/000093.jpg,983,1369,1255,1486,Plásticos flexibles
data/batch_13/000056.jpg,1717,802,1847,1824,Plásticos flexibles
data/batch_3/IMG_4876.JPG,47,390,2276,1617,Empaques PET
data/batch_15/000019.jpg,798,662,890,735,Empaques PET
data/batch_7/000125.JPG,2923,1788,2982,1827,Espuma flex
data/batch_4/000059.JPG,1259,1654,1755,1918,Plásticos duros
data/batch_15/000053.jpg,1328,1281,2123,2764,Empaques PET
data/batch_1/000128.JPG,1505,401,2048,968,Latas
data/batch_5/000091.JPG,1968,1571,2111,1701,Espuma flex
data/batch_15/000056.jpg,1176,1375,1442,1729,Papel
data/batch_11/000075.jpg,1401,1686,1983,2189,Empaques PET
data/batch_7/000085.JPG,101,310,185,460,Empaques PET
data/batch_1/000049.jpg,399,502,882,1243,Latas
data/batch_8/000044.jpg,1389,1553,1769,1754,Plásticos flexibles
data/batch_12/000059.jpg,237,2277,947,2567,Empaques PET
data/batch_14/000013.jpg,465,1502,854,2046,Tapas plasticas
data/batch_12/000062.jpg,2522,1334,2671,1460,Espuma flex
data/batch_13/000025.jpg,333,2413,467,2447,Plásticos flexibles
data/batch_12/000084.jpg,2832,1245,3341,1835,Plásticos flexibles
data/batch_1/000110.JPG,676,546,888,838,Plásticos flexibles
data/batch_14/000038.jpg,876,1597,1986,2407,Vidrio
data/batch_2/000074.JPG,1288,1157,1359,1358,Plásticos flexibles
data/batch_14/000015.jpg,630,437,1405,870,Plásticos duros
data/batch_7/000132.JPG,2130,1044,2241,1135,Tapas plasticas
data/batch_8/000038.jpg,875,775,1143,1440,Vidrio
data/batch_5/000057.JPG,1260,2070,1434,2225,Plásticos duros
data/batch_4/000066.JPG,2741,1015,2790,1079,Plásticos duros
data/batch_6/000017.JPG,1042,368,1324,1095,Empaques PET
data/batch_6/000087.JPG,1362,741,1567,842,Empaques PET
data/batch_7/000112.JPG,1628,1603,1643,1620,Tapas plasticas
data/batch_7/000039.JPG,604,1668,1120,2133,Espuma flex
data/batch_6/000099.JPG,1451,1565,1582,1700,Empaques PET
data/batch_7/000001.JPG,2542,1381,3193,1515,Plásticos flexibles
data/batch_6/000089.JPG,1122,1333,1418,1642,Empaques PET
data/batch_15/000073.jpg,0,1,533,605,Plásticos flexibles
data/batch_4/000097.JPG,1504,1390,1586,1485,Plásticos duros
data/batch_12/000061.jpg,1643,1628,1978,1849,Plásticos flexibles
data/batch_8/000014.jpg,1355,1104,1515,1445,Latas
data/batch_13/000025.jpg,1266,484,1657,519,Plásticos flexibles
data/batch_1/000048.jpg,1527,460,1942,1493,Empaques PET
data/batch_6/000036.JPG,1363,1078,1429,1159,Empaques PET
data/batch_5/000006.JPG,1768,1030,2024,1314,Plásticos flexibles
data/batch_5/000010.JPG,1455,918,1979,1402,Plásticos flexibles
data/batch_9/000000.jpg,1999,1182,2152,1356,Plásticos duros
data/batch_11/000010.jpg,256,921,881,1757,Carton
data/batch_2/000088.JPG,1488,1786,1580,1873,Tapas plasticas
data/batch_3/IMG_4994.JPG,1402,1097,1713,1255,Vidrio
data/batch_3/IMG_5061.JPG,2959,1776,3263,2229,Plásticos flexibles
data/batch_15/000012.jpg,943,1855,1090,2033,Plásticos flexibles
data/batch_13/000019.jpg,1167,802,2480,1498,Plásticos flexibles
data/batch_12/000019.jpg,1020,2237,1612,2779,Empaques PET
data/batch_15/000015.jpg,1304,879,1411,915,Empaques PET
data/batch_11/000072.jpg,850,1446,1946,2797,Plásticos flexibles
data/batch_2/000070.JPG,965,1529,1279,1894,Plásticos flexibles
data/batch_8/000073.jpg,661,1515,1309,1739,Plásticos flexibles
data/batch_2/000072.JPG,2165,1445,2272,1547,Tapas plasticas
data/batch_2/000006.JPG,1265,1387,1789,1995,Plásticos flexibles
data/batch_5/000004.JPG,2127,691,2755,1209,Latas
data/batch_6/000070.JPG,1101,1473,1365,1719,Plásticos duros
data/batch_15/000021.jpg,347,905,695,1262,Plásticos flexibles
data/batch_8/000023.jpg,2180,559,2442,791, Envases de Tetra Pak
data/batch_12/000047.jpg,1403,1156,1431,1177,Tapas plasticas
data/batch_2/000030.JPG,1019,1369,1378,1769,Espuma flex
data/batch_8/000020.jpg,1051,464,1113,681,Vidrio
data/batch_14/000022.jpg,1432,1462,1720,1786,Plásticos duros
data/batch_5/000101.JPG,1460,659,1774,1283,Vidrio
data/batch_14/000021.jpg,1175,1930,1525,2172,Latas
data/batch_3/IMG_4855.JPG,1245,956,1594,1362,Carton
data/batch_7/000122.JPG,1506,1506,1703,1770,Plásticos duros
data/batch_7/000129.JPG,1932,1198,2363,1535,Plásticos flexibles
data/batch_3/IMG_4852.JPG,2706,1122,2993,1361,Plásticos duros
data/batch_9/000008.jpg,1137,1217,1742,1675,Empaques PET
data/batch_8/000014.jpg,1217,1155,1377,1459,Latas
data/batch_15/000012.jpg,1304,2103,1551,2325,Plásticos duros
data/batch_12/000031.jpg,1346,2359,1660,2674,Plásticos flexibles
data/batch_8/000020.jpg,1422,595,1536,671,Latas
data/batch_13/000009.jpg,1969,58,2564,589,Plásticos flexibles
data/batch_6/000034.JPG,1625,503,1993,898,Empaques PET
data/batch_15/000072.jpg,559,954,1048,1210,Empaques PET
data/batch_10/000021.jpg,2062,652,2156,895,Vidrio
data/batch_11/000094.jpg,596,1646,1965,2650,Papel
data/batch_14/000094.jpg,1631,1972,1995,2408,Empaques PET
data/batch_4/000010.JPG,528,1457,945,1713,Plásticos duros
data/batch_5/000087.JPG,1200,1260,1651,1715,Empaques PET
data/batch_15/000046.jpg,1408,814,2017,1319,Plásticos duros
data/batch_7/000038.JPG,552,935,578,1032,Plásticos flexibles
data/batch_2/000049.JPG,2053,1031,2179,1044,Plásticos flexibles
data/batch_1/000054.jpg,1263,202,1536,504,Tapas plasticas
data/batch_6/000003.JPG,1356,1425,1571,1648,Plásticos duros
data/batch_2/000086.JPG,1329,720,1679,887,Latas
data/batch_1/000076.JPG,603,1908,985,2267,Plásticos flexibles
data/batch_12/000051.jpg,1659,1839,1742,1927,Plásticos duros
data/batch_1/000104.JPG,1958,128,2522,813,Plásticos duros
data/batch_2/000056.JPG,791,1492,1114,1871,Plásticos flexibles
data/batch_4/000012.JPG,881,1456,1640,1984,Plásticos duros
data/batch_14/000095.jpg,1328,2677,1653,2945,Papel
data/batch_12/000045.jpg,1377,1499,1471,1631,Empaques PET
data/batch_7/000109.JPG,1769,1570,1921,1754,Espuma flex
data/batch_3/IMG_4969.JPG,1082,1432,1126,1464,Plásticos flexibles
data/batch_5/000049.JPG,1974,67,2144,198,Plásticos duros
data/batch_6/000029.JPG,1512,1267,1966,1485,Empaques PET
data/batch_9/000029.jpg,926,2028,1199,2246,Plásticos duros
data/batch_7/000036.JPG,1379,1115,1767,1523,Plásticos flexibles
data/batch_2/000033.JPG,704,1692,890,1857,Latas
data/batch_6/000056.JPG,2054,775,2580,1544,Empaques PET
data/batch_2/000020.JPG,1754,1042,1970,1185,Plásticos flexibles
data/batch_1/000048.jpg,969,636,1115,760,Tapas plasticas
data/batch_12/000031.jpg,2182,2221,2220,2277,Plásticos flexibles
data/batch_14/000065.jpg,1080,1439,1767,2414,Plásticos flexibles
data/batch_1/000030.jpg,604,1052,791,1372,Latas
data/batch_6/000078.JPG,473,768,707,999,Vidrio
data/batch_1/000096.JPG,597,1008,1815,2134,Plásticos flexibles
data/batch_7/000036.JPG,1881,1158,2199,1553,Latas
data/batch_1/000025.jpg,323,1055,810,1407,Latas
data/batch_4/000032.JPG,805,1839,1114,2408,Empaques PET
data/batch_13/000060.jpg,985,206,3158,3055,Plásticos duros
data/batch_6/000002.JPG,1385,1052,2513,1583,Carton
data/batch_13/000054.jpg,1168,2142,1506,2425,Latas
data/batch_4/000013.JPG,691,1323,972,1597,Tapas plasticas
data/batch_8/000014.jpg,1762,1115,1915,1472,Latas
data/batch_11/000054.jpg,1638,267,2322,622,Carton
data/batch_9/000052.jpg,1527,1157,2748,1612,Papel
data/batch_5/000052.JPG,1517,976,1603,1212,Empaques PET
data/batch_6/000095.JPG,985,1188,1479,1575,Plásticos flexibles
data/batch_7/000120.JPG,1395,1346,1766,1484,Plásticos duros
data/batch_2/000018.JPG,989,733,1113,783,Empaques PET
data/batch_4/000003.JPG,840,1028,999,1186,Tapas plasticas
data/batch_5/000073.JPG,895,1180,1238,1217,Plásticos flexibles
data/batch_9/000028.jpg,2342,1492,2364,1519,Espuma flex
data/batch_2/000001.JPG,815,369,1243,583,Vidrio
data/batch_6/000065.JPG,1075,1618,1171,1702,Tapas plasticas
data/batch_12/000062.jpg,455,1479,830,1813,Papel
data/batch_1/000062.JPG,657,1217,737,1377,Tapas plasticas
data/batch_13/000061.jpg,312,1064,2930,2662,Plásticos flexibles
data/batch_8/000034.jpg,1116,2041,1192,2115,Plásticos duros
data/batch_5/000027.JPG,944,1874,1036,2158,Vidrio
data/batch_11/000019.jpg,1467,1934,1873,2022,Espuma flex
data/batch_5/000012.JPG,1509,1449,1770,1641,Latas
data/batch_10/000013.jpg,2207,774,2387,835,Vidrio
data/batch_2/000037.JPG,1161,1532,1313,1852,Empaques PET
data/batch_2/000059.JPG,820,1540,1113,1733,Papel
data/batch_4/000057.JPG,755,1514,1082,1605,Plásticos duros
data/batch_12/000033.jpg,1551,2052,1777,2299,Plásticos duros
data/batch_4/000089.JPG,1041,1840,1327,2058,Plásticos flexibles
data/batch_14/000052.jpg,913,2031,1643,2897,Espuma flex
data/batch_1/000065.JPG,1183,55,2189,1109,Carton
data/batch_6/000068.JPG,1177,1648,1417,1751,Plásticos duros
data/batch_3/IMG_5068.JPG,259,1791,990,2372,Papel
data/batch_12/000025.jpg,2865,1648,2928,1673,Plásticos duros
data/batch_14/000088.jpg,2039,2178,2104,2264,Espuma flex
data/batch_1/000038.jpg,238,686,639,1161,Latas
data/batch_12/000051.jpg,2860,868,2907,897,Plásticos duros
data/batch_1/000047.jpg,189,903,394,1129,Tapas plasticas
data/batch_4/000054.JPG,1636,1502,1853,1694,Plásticos duros
data/batch_5/000016.JPG,1232,1628,1466,1960,Latas
data/batch_5/000084.JPG,1344,1393,1908,1699,Empaques PET
data/batch_7/000078.JPG,851,1986,964,2105, Envases de Tetra Pak
data/batch_12/000057.jpg,1277,311,1750,496,Vidrio
data/batch_12/000018.jpg,1146,2174,1871,2693,Latas
data/batch_13/000016.jpg,1498,429,2380,1846, Envases de Tetra Pak
data/batch_2/000049.JPG,1198,990,1422,1078,Empaques PET
data/batch_6/000005.JPG,939,1657,1288,1879,Plásticos flexibles
data/batch_12/000010.jpg,1734,497,1897,727,Plásticos flexibles
data/batch_9/000039.jpg,1216,1503,1346,1612,Plásticos duros
data/batch_5/000047.JPG,1624,1266,1750,1361,Plásticos duros
data/batch_8/000053.jpg,2764,1119,2882,1161,Plásticos duros
data/batch_6/000015.JPG,1665,1362,2154,1806,Vidrio
data/batch_13/000025.jpg,1481,933,1892,1058,Plásticos flexibles
data/batch_1/000111.JPG,839,1845,1080,2220,Empaques PET
data/batch_12/000032.jpg,1335,2283,1562,2715,Plásticos flexibles
data/batch_11/000065.jpg,1307,2183,1595,2622,Plásticos flexibles
data/batch_13/000047.jpg,184,1790,1612,2214,Plásticos duros
data/batch_12/000047.jpg,1505,1764,1528,1789,Tapas plasticas
data/batch_11/000026.jpg,3171,2211,3457,2485,Tapas plasticas
data/batch_6/000060.JPG,867,1265,1167,1871,Empaques PET
data/batch_4/000010.JPG,1883,1599,2126,1769,Plásticos duros
data/batch_13/000054.jpg,1356,2046,1708,2320,Latas
data/batch_14/000099.jpg,1235,2160,1767,2688,Plásticos duros
data/batch_15/000029.jpg,1040,923,1093,1006,Plásticos flexibles
data/batch_13/000009.jpg,3219,1776,3879,2296,Carton
data/batch_4/000022.JPG,874,1461,999,1553,Plásticos duros
data/batch_7/000036.JPG,1681,952,2213,1278,Plásticos flexibles
data/batch_2/000027.JPG,1406,2071,1783,2447,Latas
data/batch_13/000016.jpg,1528,1739,1595,1842,Plásticos flexibles
data/batch_11/000092.jpg,1528,954,1877,1340,Plásticos flexibles
data/batch_2/000005.JPG,806,1591,1632,2083,Carton
data/batch_8/000055.jpg,572,676,702,812,Plásticos flexibles
data/batch_6/000046.JPG,531,552,865,919,Empaques PET
data/batch_15/000015.jpg,2804,1366,2971,1423,Empaques PET
data/batch_10/000011.jpg,827,90,984,516,Vidrio
data/batch_3/IMG_4965.JPG,1977,1067,2556,1670,Plásticos flexibles
data/batch_8/000047.jpg,695,1224,1122,1384,Empaques PET
data/batch_11/000090.jpg,1249,923,2692,1581,Empaques PET
data/batch_11/000098.jpg,1204,1899,2181,2464,Vidrio
data/batch_14/000067.jpg,1151,1902,1714,2801,Plásticos flexibles
data/batch_14/000052.jpg,1768,1886,2429,2679,Espuma flex
data/batch_6/000068.JPG,1030,1870,1119,1947,Plásticos flexibles
data/batch_7/000087.JPG,1772,1345,2093,1508,Empaques PET
data/batch_5/000038.JPG,1459,1186,1922,1548,Espuma flex
data/batch_7/000050.JPG,1096,1495,1180,1859,Plásticos duros
data/batch_8/000050.jpg,495,851,592,883, Envases de Tetra Pak
data/batch_2/000097.JPG,1749,878,2053,1136,Carton
data/batch_5/000093.JPG,1945,1508,2142,1655,Espuma flex
data/batch_13/000095.jpg,1956,413,2349,633,Tapas plasticas
data/batch_8/000014.jpg,932,1057,1086,1391,Latas
data/batch_12/000013.jpg,1817,739,2077,1007,Tapas plasticas
data/batch_12/000034.jpg,1449,2436,1660,2768,Plásticos flexibles
data/batch_14/000022.jpg,1261,1599,2190,2274,Papel
data/batch_5/000037.JPG,315,588,872,1080,Papel
data/batch_8/000019.jpg,1108,1549,1622,2131,Empaques PET
data/batch_11/000010.jpg,876,1039,1805,1623,Carton
data/batch_8/000021.jpg,1650,690,1851,846,Vidrio
data/batch_7/000038.JPG,497,1012,772,1185, Envases de Tetra Pak
data/batch_7/000070.JPG,840,2103,1040,2211,Plásticos flexibles
data/batch_7/000079.JPG,564,1821,946,1966,Empaques PET
data/batch_12/000058.jpg,305,1496,1232,2053,Plásticos flexibles
data/batch_8/000012.jpg,963,1517,1017,1581,Tapas plasticas
data/batch_4/000085.JPG,978,1267,1209,1369,Latas
data/batch_2/000019.JPG,1633,920,1742,961,Empaques PET
data/batch_12/000088.jpg,778,1757,846,1824,Tapas plasticas
data/batch_4/000004.JPG,1573,1029,1982,1146,Papel
data/batch_9/000095.jpg,863,1558,1048,1778, Envases de Tetra Pak
data/batch_14/000037.jpg,988,2583,1249,2796,Tapas plasticas
data/batch_9/000023.jpg,2894,532,2947,621,Espuma flex
data/batch_6/000092.JPG,1271,301,1320,344,Plásticos duros
data/batch_5/000015.JPG,1027,1523,1093,1637,Plásticos duros
data/batch_6/000037.JPG,822,338,851,361,Plásticos duros
data/batch_8/000035.jpg,1515,344,1618,437,Vidrio
data/batch_4/000072.JPG,991,1540,1841,2188,Espuma flex
data/batch_13/000059.jpg,1178,1369,1821,1940,Empaques PET
data/batch_7/000087.JPG,1567,1516,1614,1569,Tapas plasticas
data/batch_8/000030.jpg,1210,911,1374,1261,Empaques PET
data/batch_12/000061.jpg,680,1857,930,1975,Plásticos flexibles
data/batch_4/000004.JPG,544,1090,945,1164,Papel
data/batch_2/000054.JPG,1007,1723,1364,2076,Plásticos duros
data/batch_6/000083.JPG,1139,2279,1206,2339,Plásticos duros
data/batch_1/000062.JPG,870,673,1490,1059,Latas
data/batch_8/000021.jpg,1986,1011,2211,1296,Vidrio
data/batch_7/000085.JPG,546,2181,587,2233,Papel
data/batch_8/000014.jpg,804,1435,1176,1582,Latas
data/batch_15/000054.jpg,1368,2099,1788,2564,Tapas plasticas
data/batch_4/000058.JPG,914,1559,1138,1727,Carton
data/batch_11/000070.jpg,967,1882,2116,2235,Empaques PET
data/batch_7/000022.JPG,2322,90,2599,182,Plásticos duros
data/batch_8/000054.jpg,618,404,982,788,Plásticos flexibles
data/batch_3/IMG_4907.JPG,1246,2164,1477,2319,Plásticos duros
data/batch_8/000073.jpg,1903,524,2354,855,Plásticos duros
data/batch_6/000087.JPG,1738,331,1905,449,Plásticos flexibles
data/batch_7/000022.JPG,1613,171,1804,368,Plásticos duros
data/batch_13/000001.jpg,1546,1101,1928,2692,Plásticos duros
data/batch_7/000120.JPG,1319,281,1408,373,Plásticos duros
data/batch_11/000074.jpg,965,1737,1220,1879,Plásticos duros
data/batch_1/000070.JPG,1038,1111,1293,1748,Latas
data/batch_8/000040.jpg,1296,1905,1632,2175,Empaques PET
data/batch_9/000053.jpg,557,1500,614,1517,Plásticos flexibles
data/batch_7/000114.JPG,1767,1397,2015,1588,Latas
data/batch_3/IMG_4969.JPG,1414,1197,1555,1272,Empaques PET
data/batch_10/000003.jpg,665,313,910,504,Empaques PET
data/batch_12/000061.jpg,1331,2265,1574,2573,Plásticos flexibles
data/batch_9/000008.jpg,101,1185,159,1250,Tapas plasticas
data/batch_8/000042.jpg,2431,1163,2487,1192,Plásticos flexibles
data/batch_10/000080.jpg,1054,1648,1231,1723,Plásticos flexibles
data/batch_15/000028.jpg,841,1105,938,1187,Plásticos duros
data/batch_8/000054.jpg,607,320,851,519,Plásticos flexibles
data/batch_7/000138.JPG,773,1504,865,1600,Tapas plasticas
data/batch_11/000051.jpg,1246,936,1886,1645,Plásticos flexibles
data/batch_15/000004.jpg,100,988,322,1098,Plásticos duros
data/batch_5/000043.JPG,981,1431,1553,1815,Plásticos flexibles
data/batch_6/000055.JPG,970,1538,1312,1692,Empaques PET
data/batch_7/000065.JPG,2292,868,2404,943,Empaques PET
data/batch_13/000052.jpg,638,2546,791,2692,Plásticos duros
data/batch_11/000068.jpg,571,1215,2259,2753,Espuma flex
data/batch_7/000051.JPG,632,2055,730,2153,Plásticos flexibles
data/batch_6/000077.JPG,1728,1668,1902,1810,Vidrio
data/batch_12/000087.jpg,1065,1188,1799,1988,Carton
data/batch_10/000037.jpg,2251,1043,2345,1184,Carton
data/batch_7/000018.JPG,1026,1737,1118,1772,Espuma flex
data/batch_15/000029.jpg,1300,1016,1426,1239,Plásticos duros
data/batch_12/000091.jpg,3149,712,4155,1338,Plásticos flexibles
data/batch_15/000078.jpg,1021,1168,1155,1501,Plásticos flexibles
data/batch_5/000104.JPG,716,1329,1869,2062,Carton
data/batch_6/000101.JPG,1074,1344,1228,1468,Empaques PET
data/batch_6/000068.JPG,611,1119,801,1361,Papel
data/batch_11/000079.jpg,4,1551,2356,2028,Plásticos duros
data/batch_7/000066.JPG,2511,940,2703,1068,Empaques PET
data/batch_14/000068.jpg,982,2031,1757,2586,Plásticos flexibles
data/batch_6/000072.JPG,1142,1276,1162,1351,Plásticos flexibles
data/batch_1/000107.JPG,2153,413,2345,690,Plásticos flexibles
data/batch_1/000098.JPG,797,985,893,1038,Tapas plasticas
data/batch_12/000029.jpg,2301,1771,2445,1936,Papel
data/batch_14/000035.jpg,792,1844,1906,2361,Plásticos flexibles
data/batch_3/IMG_4948.JPG,1403,1525,1453,1555,Tapas plasticas
data/batch_14/000081.jpg,2002,1950,3022,3014,Vidrio
data/batch_5/000084.JPG,1829,1603,1908,1695,Tapas plasticas
data/batch_6/000074.JPG,456,678,1361,1217,Carton
data/batch_15/000014.jpg,1338,1411,1422,1883,Plásticos duros
data/batch_15/000078.jpg,1311,0,1597,588,Papel
data/batch_2/000073.JPG,921,1710,1332,2165,Carton
data/batch_5/000022.JPG,1367,449,1439,595,Papel
data/batch_9/000028.jpg,1060,2124,1126,2186,Espuma flex
data/batch_12/000061.jpg,893,2254,1240,2497,Plásticos flexibles
data/batch_6/000057.JPG,671,703,942,1371,Latas
data/batch_15/000076.jpg,1274,792,1608,1041,Latas
data/batch_1/000028.jpg,351,460,1261,1143,Empaques PET
data/batch_12/000051.jpg,1360,1882,1386,1910,Plásticos duros
data/batch_15/000018.jpg,576,997,1031,1154,Vidrio
data/batch_7/000051.JPG,1027,2099,1157,2282, Envases de Tetra Pak
data/batch_2/000012.JPG,1135,1097,1388,1393,Carton
data/batch_6/000001.JPG,1870,1438,2009,1833,Plásticos duros
data/batch_3/IMG_4969.JPG,787,1492,941,1568, Envases de Tetra Pak
data/batch_10/000030.jpg,869,1605,1215,1796,Carton
data/batch_12/000030.jpg,1195,2467,1394,2631,Plásticos flexibles
data/batch_10/000011.jpg,2585,154,2797,876,Vidrio
data/batch_7/000132.JPG,1014,1336,1205,1701,Plásticos duros
data/batch_8/000023.jpg,458,739,590,881,Plásticos flexibles
data/batch_8/000053.jpg,2140,1088,2282,1137,Empaques PET
data/batch_7/000025.JPG,616,1380,933,1563,Latas
data/batch_6/000021.JPG,685,422,1492,1612,Empaques PET
data/batch_1/000098.JPG,1751,2342,1925,2432,Plásticos flexibles
data/batch_12/000061.jpg,1034,2506,1361,2729,Plásticos flexibles
data/batch_11/000021.jpg,1859,1248,4436,2466,Empaques PET
data/batch_7/000021.JPG,920,1179,959,1201,Espuma flex
data/batch_11/000076.jpg,472,1688,2344,2773,Espuma flex
data/batch_12/000061.jpg,1200,2327,1419,2595,Plásticos flexibles
data/batch_6/000020.JPG,1241,1750,1491,1924,Plásticos flexibles
data/batch_7/000052.JPG,1317,1432,1871,1870,Carton
data/batch_4/000019.JPG,2358,1359,2585,1503,Plásticos duros
data/batch_4/000054.JPG,523,966,1107,1580,Plásticos duros
data/batch_8/000005.jpg,3520,2402,3681,2667,Plásticos flexibles
data/batch_15/000082.jpg,598,971,747,1155,Papel
data/batch_3/IMG_5057.JPG,1190,1762,1309,1823,Latas
data/batch_2/000075.JPG,1104,881,1335,1168,Latas
data/batch_14/000087.jpg,1262,1886,1771,2465,Plásticos flexibles
data/batch_12/000071.jpg,437,709,1058,1445,Plásticos flexibles
data/batch_8/000023.jpg,2033,728,2238,827,Papel
data/batch_11/000019.jpg,2079,1934,2357,2108,Espuma flex
data/batch_6/000033.JPG,963,1282,1093,1329,Plásticos flexibles
data/batch_4/000065.JPG,879,1433,2807,1814,Plásticos duros
data/batch_14/000042.jpg,1421,2606,1618,2810,Tapas plasticas
data/batch_1/000066.JPG,413,1120,1556,2042,Carton
data/batch_12/000029.jpg,1606,1945,1776,2153,Papel
data/batch_13/000013.jpg,1792,1232,2668,1691, Envases de Tetra Pak
data/batch_4/000026.JPG,1868,1814,2337,2054,Plásticos duros
data/batch_10/000015.jpg,1189,1508,1233,1545,Latas
data/batch_13/000054.jpg,3500,1269,3788,1704,Latas
data/batch_13/000015.jpg,1088,1782,1203,2457,Plásticos duros
data/batch_7/000109.JPG,1884,942,2046,1281,Empaques PET
data/batch_15/000015.jpg,703,1417,823,1564,Vidrio
data/batch_3/IMG_4860.JPG,519,1226,1574,1955,Plásticos flexibles
data/batch_1/000115.JPG,1523,1057,2087,1596,Carton
data/batch_12/000019.jpg,1396,2178,1942,2650,Empaques PET
data/batch_1/000013.jpg,811,1123,1010,1473,Vidrio
data/batch_15/000073.jpg,670,915,968,1222,Espuma flex
data/batch_2/000079.JPG,1083,1614,1283,1814,Empaques PET
data/batch_3/IMG_5053.JPG,1698,951,1794,1020,Tapas plasticas
data/batch_8/000077.jpg,1556,1691,1590,1725,Tapas plasticas
data/batch_3/IMG_4961.JPG,868,644,2064,1331,Plásticos duros
data/batch_3/IMG_5060.JPG,1008,2046,1312,2424,Empaques PET
data/batch_8/000058.jpg,544,695,712,853,Plásticos flexibles
data/batch_6/000099.JPG,1403,1435,1533,1573,Latas
data/batch_6/000037.JPG,2168,320,2246,414,Plásticos flexibles
data/batch_2/000074.JPG,1089,727,1226,1113,Vidrio
data/batch_1/000104.JPG,2245,1878,2529,2148,Tapas plasticas
data/batch_1/000073.JPG,940,837,1432,1548,Latas
data/batch_3/IMG_5053.JPG,1594,950,1842,1553,Empaques PET
data/batch_12/000025.jpg,2860,2865,2985,2905,Plásticos duros
data/batch_8/000048.jpg,1750,1768,2356,1949,Empaques PET
data/batch_3/IMG_5068.JPG,434,1217,834,1561,Papel
data/batch_6/000102.JPG,1467,1439,1542,1560,Latas
data/batch_3/IMG_4939.JPG,686,19,1549,744,Plásticos duros
data/batch_12/000061.jpg,1939,1500,2089,1635,Plásticos flexibles
data/batch_6/000065.JPG,437,1287,1013,1988,Plásticos flexibles
data/batch_13/000019.jpg,2718,1893,3075,2249,Plásticos duros
data/batch_6/000001.JPG,1146,1450,1673,2177,Papel
data/batch_11/000047.jpg,1132,1990,1643,2734,Plásticos flexibles
data/batch_1/000053.jpg,398,410,1532,1408,Empaques PET
data/batch_15/000029.jpg,501,796,786,930,Plásticos flexibles
data/batch_12/000058.jpg,2449,1724,2631,1950,Papel
data/batch_8/000011.jpg,1103,2148,1172,2193,Tapas plasticas
data/batch_8/000023.jpg,2636,257,2713,292,Papel
data/batch_14/000039.jpg,852,1713,2058,2836,Vidrio
data/batch_12/000025.jpg,330,2330,377,2360,Plásticos duros
data/batch_6/000076.JPG,886,890,1110,1541,Vidrio
data/batch_11/000040.jpg,2185,2563,2552,3019,Papel
data/batch_5/000004.JPG,674,903,1220,1345,Plásticos flexibles
data/batch_15/000029.jpg,958,949,1300,1215,Plásticos flexibles
data/batch_11/000046.jpg,1736,1128,1973,1474,Plásticos flexibles
data/batch_2/000094.JPG,1592,1000,2151,1450,Plásticos flexibles
data/batch_14/000062.jpg,836,1572,1598,1936,Carton
data/batch_12/000034.jpg,1041,1894,1142,1987,Plásticos duros
data/batch_9/000001.jpg,2333,913,2733,1362,Latas
data/batch_3/IMG_4941.JPG,1788,70,1893,155,Papel
data/batch_6/000072.JPG,1955,649,1986,698,Latas
data/batch_1/000069.JPG,1050,1654,1460,2007,Latas
data/batch_7/000049.JPG,551,1431,714,1547,Plásticos duros
data/batch_4/000032.JPG,992,926,1075,1003,Tapas plasticas
data/batch_7/000049.JPG,662,2052,713,2083,Tapas plasticas
data/batch_13/000022.jpg,869,2890,1473,3117,Plásticos duros
data/batch_5/000005.JPG,613,435,810,865,Latas
data/batch_10/000011.jpg,2691,567,2952,1187,Vidrio
data/batch_7/000087.JPG,2337,1587,2368,1651,Tapas plasticas
data/batch_8/000031.jpg,1327,1291,1428,1387,Tapas plasticas
data/batch_6/000096.JPG,312,1719,612,1966,Carton
data/batch_2/000093.JPG,1135,1772,1225,1858,Tapas plasticas
data/batch_8/000014.jpg,2091,1198,2293,1527,Latas
data/batch_3/IMG_4932.JPG,943,1186,1075,1438,Empaques PET
data/batch_2/000068.JPG,575,1655,902,2014,Carton
data/batch_10/000013.jpg,3440,1678,3574,1822,Vidrio
data/batch_7/000087.JPG,474,1444,593,1567,Plásticos flexibles
data/batch_1/000117.JPG,2185,1042,2297,1310,Papel
data/batch_10/000026.jpg,1250,1299,1685,1749,Carton
data/batch_12/000034.jpg,1450,1132,1642,1338,Latas
data/batch_9/000022.jpg,2711,1944,2787,2012,Plásticos duros
data/batch_12/000062.jpg,2519,1670,2581,1712,Plásticos flexibles
data/batch_4/000074.JPG,2060,1048,2153,1147,Tapas plasticas
data/batch_7/000049.JPG,1714,1827,2051,2256,Plásticos flexibles
data/batch_7/000022.JPG,386,518,473,797,Plásticos duros
data/batch_11/000010.jpg,1015,1043,1736,1264,Carton
data/batch_4/000049.JPG,905,1798,1165,2224,Plásticos duros
data/batch_7/000131.JPG,505,570,572,627,Plásticos duros
data/batch_12/000059.jpg,1772,634,1876,749,Plásticos flexibles
data/batch_10/000011.jpg,837,352,1080,554,Plásticos flexibles
data/batch_7/000054.JPG,293,2012,344,2045,Plásticos duros
data/batch_5/000019.JPG,1099,1403,1520,1568,Plásticos flexibles
data/batch_15/000028.jpg,718,763,812,851,Plásticos flexibles
data/batch_7/000002.JPG,2707,3053,3239,3554,Plásticos flexibles
data/batch_1/000128.JPG,1694,727,2296,1265,Carton
data/batch_12/000044.jpg,1275,2425,1535,2762,Latas
data/batch_9/000088.jpg,1377,0,1823,762,Carton
data/batch_6/000028.JPG,1159,1753,1692,2142,Latas
data/batch_6/000072.JPG,1128,1621,1201,1693,Plásticos flexibles
data/batch_6/000064.JPG,1171,1286,1197,1306,Tapas plasticas
data/batch_13/000086.jpg,990,628,2350,3048,Empaques PET
data/batch_13/000056.jpg,504,1194,1346,1775,Papel
data/batch_3/IMG_4948.JPG,1403,1308,1531,1554,Empaques PET
data/batch_4/000045.JPG,0,1494,1127,1569,Plásticos flexibles
data/batch_6/000019.JPG,952,1299,1066,1407,Tapas plasticas
data/batch_13/000088.jpg,807,512,3054,1772,Latas
data/batch_2/000007.JPG,1197,1672,1390,1947,Latas
data/batch_7/000138.JPG,2165,1259,2189,1454,Plásticos duros
data/batch_12/000096.jpg,574,1019,2347,2950,Plásticos flexibles
data/batch_2/000082.JPG,1164,385,1430,501,Vidrio
data/batch_2/000049.JPG,2110,994,2146,1051,Plásticos duros
data/batch_8/000053.jpg,0,0,468,92,Plásticos flexibles
data/batch_8/000074.jpg,1317,1275,1409,1465,Latas
data/batch_6/000055.JPG,3057,806,3235,949,Plásticos flexibles
data/batch_6/000085.JPG,639,1417,1186,1947,Empaques PET
data/batch_1/000115.JPG,2278,759,2735,972,Latas
data/batch_8/000007.jpg,1547,1901,1781,2129,Tapas plasticas
data/batch_2/000082.JPG,2050,964,2236,1235,Vidrio
data/batch_12/000084.jpg,661,1437,1030,1818,Papel
data/batch_4/000036.JPG,750,1540,1067,1871,Plásticos duros
data/batch_5/000027.JPG,876,1796,964,2075,Vidrio
data/batch_10/000074.jpg,1281,1393,1469,1648,Plásticos duros
data/batch_15/000077.jpg,847,118,1770,508,Plásticos duros
data/batch_2/000054.JPG,915,780,1507,1218,Plásticos flexibles
data/batch_7/000081.JPG,2157,955,2255,994,Carton
data/batch_7/000062.JPG,996,2002,1289,2295,Plásticos flexibles
data/batch_7/000006.JPG,3500,2926,4204,3676,Plásticos duros
data/batch_10/000002.jpg,257,1386,373,1414,Plásticos duros
data/batch_7/000090.JPG,1524,2315,1601,2403,Tapas plasticas
data/batch_6/000036.JPG,1242,1022,1336,1115,Empaques PET
data/batch_8/000053.jpg,163,1054,212,1095,Plásticos duros
data/batch_7/000139.JPG,1700,939,1996,1095,Plásticos duros
data/batch_12/000074.jpg,1368,1458,1653,1563,Plásticos flexibles
data/batch_12/000091.jpg,1445,863,2183,2067,Plásticos flexibles
data/batch_6/000072.JPG,1050,2117,1071,2137,Plásticos duros
data/batch_4/000016.JPG,979,1151,1239,1545,Plásticos duros
data/batch_7/000078.JPG,222,208,961,806,Plásticos flexibles
data/batch_1/000087.JPG,1018,1125,1376,1522,Papel
data/batch_6/000057.JPG,2422,819,2551,1020,Latas
data/batch_2/000092.JPG,1310,941,1702,1311,Plásticos flexibles
data/batch_13/000059.jpg,1178,1368,1819,1922,Plásticos duros
data/batch_8/000033.jpg,132,1372,327,1444,Plásticos duros
data/batch_14/000081.jpg,1031,1798,2805,2301,Vidrio
data/batch_4/000029.JPG,1279,705,1458,888,Plásticos duros
data/batch_1/000092.JPG,1533,926,2151,1582,Plásticos duros
data/batch_12/000013.jpg,334,739,2075,2315,Empaques PET
data/batch_12/000062.jpg,3355,1617,3578,1757,Plásticos flexibles
data/batch_13/000008.jpg,2009,1694,2844,2589,Plásticos flexibles
data/batch_13/000054.jpg,782,2338,1009,2634,Latas
data/batch_3/IMG_4868.JPG,712,363,1404,1510,Latas
data/batch_12/000062.jpg,2664,1153,2811,1243,Espuma flex
data/batch_10/000072.jpg,1643,338,1762,411,Plásticos duros
data/batch_6/000037.JPG,1753,159,1901,238,Plásticos flexibles
data/batch_14/000047.jpg,1232,2069,1727,2615,Latas
data/batch_1/000117.JPG,1591,799,1947,1118,Plásticos duros
data/batch_13/000020.jpg,1466,997,3088,1161,Plásticos flexibles
data/batch_7/000078.JPG,1633,1496,2161,1854,Plásticos flexibles
data/batch_2/000096.JPG,1108,1072,1435,1391,Carton
data/batch_12/000051.jpg,1053,2756,1087,2795,Plásticos duros
data/batch_13/000053.jpg,374,1542,643,1882,Espuma flex
data/batch_8/000023.jpg,397,592,491,726,Vidrio
data/batch_7/000123.JPG,900,1339,1197,1589,Espuma flex
data/batch_7/000122.JPG,1330,1632,1377,1661,Plásticos duros
data/batch_3/IMG_4948.JPG,1476,1295,1565,1341,Plásticos flexibles
data/batch_15/000038.jpg,1098,1952,1206,2514,Plásticos duros
data/batch_1/000107.JPG,2039,1606,2399,2142,Latas
data/batch_7/000081.JPG,1090,1764,1345,2034,Papel
data/batch_6/000031.JPG,1258,1529,1354,1641,Plásticos duros
data/batch_1/000047.jpg,309,11,890,831,Latas
data/batch_2/000039.JPG,1069,1403,1271,1623,Latas
data/batch_3/IMG_4895.JPG,1251,1646,1492,2022,Plásticos flexibles
data/batch_12/000057.jpg,1468,2181,1976,2618,Plásticos flexibles
data/batch_8/000053.jpg,2033,1151,2057,1166,Plásticos duros
data/batch_13/000021.jpg,1443,1157,3211,1463,Plásticos flexibles
data/batch_12/000002.jpg,1000,1740,1718,2474,Tapas plasticas
data/batch_13/000011.jpg,1435,1622,1577,1650,Plásticos flexibles
data/batch_3/IMG_4883.JPG,673,1054,745,1133,Plásticos duros
data/batch_6/000072.JPG,1169,1208,1184,1287,Plásticos flexibles
data/batch_1/000083.JPG,1390,915,1668,1479,Plásticos duros
data/batch_3/IMG_4928.JPG,1491,1709,1779,1914,Plásticos duros
data/batch_12/000034.jpg,1375,678,1995,1238,Plásticos flexibles
data/batch_4/000087.JPG,1526,919,1645,1001,Espuma flex
data/batch_8/000029.jpg,1297,420,1445,698,Latas
data/batch_2/000027.JPG,744,1380,967,1760,Latas
data/batch_13/000049.jpg,539,1703,1438,2302,Espuma flex
data/batch_9/000014.jpg,1876,1422,2086,1613,Plásticos duros
data/batch_5/000089.JPG,875,1204,1178,1474,Espuma flex
data/batch_6/000040.JPG,1912,1280,1939,1301,Latas
data/batch_7/000127.JPG,1613,1409,1643,1670,Plásticos duros
data/batch_11/000067.jpg,1392,1909,1478,2017,Plásticos flexibles
data/batch_6/000050.JPG,1038,989,1134,1027,Plásticos duros
data/batch_15/000000.jpg,1146,347,1309,517,Latas
data/batch_2/000009.JPG,576,471,1336,1126,Plásticos duros
data/batch_4/000054.JPG,1738,1871,1972,2121,Plásticos duros
data/batch_12/000025.jpg,2166,2560,2281,2716,Plásticos duros
data/batch_2/000001.JPG,1582,474,1747,571,Plásticos flexibles
data/batch_5/000114.JPG,645,1696,1169,2255,Empaques PET
data/batch_10/000051.jpg,1456,1023,1762,1215,Espuma flex
data/batch_10/000091.jpg,2214,1255,2643,1499,Vidrio
data/batch_12/000025.jpg,1571,850,1687,906,Plásticos duros
data/batch_2/000051.JPG,1387,804,1476,921,Empaques PET
data/batch_7/000085.JPG,461,1196,828,1305,Empaques PET
data/batch_10/000000.jpg,1370,1291,1750,1441,Empaques PET
data/batch_6/000072.JPG,1241,1119,1302,1184,Plásticos flexibles
data/batch_1/000019.jpg,209,920,663,1482,Empaques PET
data/batch_12/000061.jpg,2823,643,2920,698,Plásticos flexibles
data/batch_13/000005.jpg,1724,2157,2061,2667,Carton
data/batch_11/000062.jpg,969,1910,1665,2559,Espuma flex
data/batch_12/000000.jpg,1769,1523,1999,1702,Plásticos duros
data/batch_15/000010.jpg,679,2591,781,2695,Plásticos duros
data/batch_7/000062.JPG,1351,817,1528,911,Plásticos flexibles
data/batch_15/000021.jpg,776,850,954,972,Espuma flex
data/batch_8/000014.jpg,1946,1493,2012,1530,Tapas plasticas
data/batch_7/000004.JPG,3553,1944,3743,2192,Plásticos duros
data/batch_15/000081.jpg,837,893,989,1067,Plásticos flexibles
data/batch_2/000003.JPG,690,229,1881,1030,Empaques PET
data/batch_13/000015.jpg,1,1199,841,2579,Plásticos flexibles
data/batch_12/000059.jpg,1512,491,1623,650,Plásticos flexibles
data/batch_15/000047.jpg,700,1103,1679,2051,Plásticos flexibles
data/batch_13/000019.jpg,1168,1686,2116,2756,Plásticos flexibles
data/batch_7/000018.JPG,719,2131,756,2180,Espuma flex
data/batch_7/000087.JPG,405,1537,503,1633,Plásticos duros
data/batch_6/000057.JPG,725,847,1033,1371,Latas
data/batch_3/IMG_4992.JPG,997,897,1450,1388,Empaques PET
data/batch_6/000065.JPG,940,1488,1089,1794,Empaques PET
data/batch_4/000021.JPG,1599,1234,1814,1451,Plásticos duros
data/batch_15/000019.jpg,588,770,782,852,Empaques PET
data/batch_1/000038.jpg,1498,636,1903,1113,Latas
data/batch_2/000042.JPG,954,1910,1242,2294,Latas
data/batch_12/000039.jpg,2027,575,2370,825,Plásticos flexibles
data/batch_12/000061.jpg,847,2322,932,2432,Plásticos flexibles
data/batch_12/000006.jpg,692,1196,1117,1666,Tapas plasticas
data/batch_11/000070.jpg,2068,1985,2118,2085,Tapas plasticas
data/batch_13/000056.jpg,106,3,610,938,Carton
data/batch_12/000039.jpg,669,18,1288,475,Papel
data/batch_14/000041.jpg,960,1665,1376,2898,Plásticos flexibles
data/batch_13/000014.jpg,1391,1053,1527,1195,Plásticos flexibles
data/batch_11/000019.jpg,2687,1925,2752,2025,Tapas plasticas
data/batch_11/000001.jpg,0,0,1820,1242,Espuma flex
data/batch_11/000079.jpg,2560,575,3047,861,Plásticos duros
data/batch_11/000035.jpg,847,636,2521,2022,Espuma flex
data/batch_13/000059.jpg,134,1284,1038,2109,Espuma flex
data/batch_2/000009.JPG,1729,425,2344,791,Plásticos duros
data/batch_7/000078.JPG,2021,1471,2232,1656, Envases de Tetra Pak
data/batch_4/000087.JPG,1114,1104,1238,1206,Espuma flex
data/batch_10/000081.jpg,1807,673,2148,836,Empaques PET
data/batch_13/000054.jpg,1120,1801,1304,2130,Latas
data/batch_11/000027.jpg,1071,1921,1372,2199,Plásticos flexibles
data/batch_7/000102.JPG,1605,1844,2014,2157,Plásticos duros
data/batch_5/000117.JPG,829,1665,1515,2118,Papel
data/batch_6/000071.JPG,1101,2122,1178,2208,Tapas plasticas
data/batch_7/000062.JPG,1563,1061,1593,1094,Tapas plasticas
data/batch_12/000019.jpg,1623,2351,2084,2443,Plásticos duros
data/batch_7/000124.JPG,1557,1282,1876,1650,Plásticos flexibles
data/batch_12/000077.jpg,687,353,2002,1189,Latas
data/batch_1/000007.jpg,730,126,1005,735,Latas
data/batch_2/000067.JPG,1525,1206,2043,1426,Plásticos flexibles
data/batch_3/IMG_4941.JPG,410,1930,620,2063,Papel
data/batch_7/000109.JPG,1940,942,2015,993,Tapas plasticas
data/batch_7/000023.JPG,1080,2059,1244,2201,Carton
data/batch_13/000034.jpg,864,1320,1963,2318,Empaques PET
data/batch_12/000088.jpg,605,148,651,196,Tapas plasticas
data/batch_4/000080.JPG,563,1041,950,1102,Plásticos duros
data/batch_8/000047.jpg,2287,1185,2582,1374,Carton
data/batch_5/000012.JPG,825,1405,1128,1839,Latas
data/batch_12/000043.jpg,746,2233,1014,2447,Latas
data/batch_7/000035.JPG,1364,1099,1455,1157,Plásticos duros
data/batch_13/000054.jpg,1842,1695,2181,2056,Latas
data/batch_8/000073.jpg,926,1478,1120,1766,Plásticos duros
data/batch_5/000022.JPG,1086,1133,1622,1690,Plásticos flexibles
data/batch_3/IMG_4978.JPG,1088,1045,1408,1638,Latas
data/batch_15/000000.jpg,1349,47,1458,145,Latas
data/batch_5/000012.JPG,1441,1393,1635,1537,Plásticos flexibles
data/batch_9/000079.jpg,973,1626,1058,1734,Empaques PET
data/batch_6/000038.JPG,850,817,908,877,Empaques PET
data/batch_3/IMG_5067.JPG,1530,448,2432,1077,Carton
data/batch_3/IMG_5064.JPG,118,207,1405,1692,Empaques PET
data/batch_12/000025.jpg,2687,2094,2746,2181,Plásticos duros
data/batch_7/000125.JPG,1774,884,2032,1374,Empaques PET
data/batch_13/000054.jpg,1308,2413,1634,2754,Latas
data/batch_2/000035.JPG,1,1951,337,2393,Carton
data/batch_6/000076.JPG,1150,1286,1412,1843,Empaques PET
data/batch_7/000044.JPG,837,1183,1296,1402,Empaques PET
data/batch_15/000078.jpg,313,1693,1168,2421,Papel
data/batch_7/000010.JPG,4108,1466,4155,1532,Tapas plasticas
data/batch_11/000000.jpg,1329,633,3066,933,Carton
data/batch_5/000049.JPG,1475,1322,1586,1457,Papel
data/batch_12/000061.jpg,692,1263,837,1352,Plásticos flexibles
data/batch_7/000085.JPG,1093,2038,1174,2124,Plásticos flexibles
data/batch_2/000024.JPG,1055,1,1458,1616,Vidrio
data/batch_1/000021.jpg,852,638,1539,929,Vidrio
data/batch_9/000094.jpg,1459,1094,1691,1364,Vidrio
data/batch_10/000003.jpg,2104,355,2403,473,Plásticos flexibles
data/batch_5/000074.JPG,1002,1141,2057,1671,Plásticos flexibles
data/batch_3/IMG_5068.JPG,867,1201,1835,2317,Papel
data/batch_5/000111.JPG,1482,2074,1549,2142,Espuma flex
data/batch_12/000046.jpg,2321,2488,2619,2640,Plásticos flexibles
data/batch_3/IMG_5066.JPG,1320,1791,1936,2246,Plásticos duros
data/batch_3/IMG_4967.JPG,1526,1597,1826,1782,Plásticos flexibles
data/batch_5/000098.JPG,2154,1096,2666,1316,Empaques PET
data/batch_6/000093.JPG,1619,1508,1939,2036,Empaques PET
data/batch_13/000025.jpg,595,1557,765,1836, Envases de Tetra Pak
data/batch_10/000027.jpg,864,1569,972,1708, Envases de Tetra Pak
data/batch_2/000049.JPG,2700,986,2771,1018,Vidrio
data/batch_3/IMG_4996.JPG,1228,2173,1350,2250,Tapas plasticas
data/batch_6/000068.JPG,477,1156,554,1246,Plásticos flexibles
data/batch_11/000093.jpg,1959,1227,2042,1312,Tapas plasticas
data/batch_1/000111.JPG,434,1871,621,2152,Latas
data/batch_12/000061.jpg,436,2682,631,2912,Plásticos flexibles
data/batch_1/000019.jpg,634,1442,663,1481,Tapas plasticas
data/batch_5/000054.JPG,702,1538,1407,1957,Espuma flex
data/batch_9/000023.jpg,2056,1596,2207,1721,Plásticos duros
data/batch_6/000072.JPG,1393,660,1423,717,Plásticos flexibles
data/batch_8/000059.jpg,592,662,702,745,Latas
data/batch_1/000084.JPG,1090,411,1260,559,Latas
data/batch_12/000048.jpg,1286,1761,1820,2041,Plásticos duros
data/batch_1/000023.jpg,1043,792,1187,956,Latas
data/batch_9/000004.jpg,2341,1265,2621,1666,Empaques PET
data/batch_2/000051.JPG,2394,746,2419,769,Tapas plasticas
data/batch_10/000009.jpg,2257,789,2389,901,Plásticos flexibles
data/batch_7/000101.JPG,1867,1374,2275,1734,Plásticos duros
data/batch_6/000029.JPG,1616,1474,2121,1683,Empaques PET
data/batch_1/000014.jpg,775,910,934,1009,Plásticos duros
data/batch_4/000088.JPG,1090,1816,1235,2036,Espuma flex
data/batch_1/000012.jpg,379,1127,804,1445,Vidrio
data/batch_1/000023.jpg,371,1437,402,1486,Tapas plasticas
data/batch_7/000096.JPG,1,1103,101,1242, Envases de Tetra Pak
data/batch_12/000041.jpg,1361,1377,1886,1979,Tapas plasticas
data/batch_2/000035.JPG,1395,1281,2148,1887,Latas
data/batch_12/000028.jpg,1074,2286,1492,2720,Plásticos duros
data/batch_13/000087.jpg,1144,891,1579,1337,Plásticos duros
data/batch_12/000029.jpg,1910,1933,2391,2176,Papel
data/batch_9/000034.jpg,1178,1381,1841,1883,Plásticos flexibles
data/batch_5/000045.JPG,1021,1208,1149,1333,Plásticos duros
data/batch_9/000078.jpg,849,565,1212,724,Plásticos flexibles
data/batch_7/000045.JPG,1238,1491,1292,1543,Plásticos duros
data/batch_14/000061.jpg,638,1790,2105,3006,Papel
data/batch_12/000051.jpg,1829,2104,1853,2139,Plásticos duros
data/batch_9/000097.jpg,776,355,1007,946,Vidrio
data/batch_5/000069.JPG,19,197,257,397,Papel
data/batch_8/000069.jpg,2550,1593,2631,1632,Plásticos flexibles
data/batch_15/000076.jpg,53,826,397,1115,Papel
data/batch_2/000049.JPG,870,1049,951,1090,Latas
data/batch_7/000076.JPG,658,1286,805,1355, Envases de Tetra Pak
data/batch_7/000110.JPG,663,1655,1333,2107,Empaques PET
data/batch_4/000056.JPG,1898,1563,2113,1656,Plásticos duros
data/batch_12/000089.jpg,563,323,1402,1729,Plásticos flexibles
data/batch_7/000084.JPG,1136,1125,1201,1235,Plásticos duros
data/batch_4/000097.JPG,1367,1616,1402,1646,Plásticos duros
data/batch_9/000086.jpg,676,1669,806,1792,Carton
data/batch_5/000097.JPG,1850,571,2164,1134,Carton
data/batch_15/000064.jpg,3159,1533,3232,1590,Plásticos duros
data/batch_7/000120.JPG,2479,966,3032,1331,Espuma flex
data/batch_15/000007.jpg,1417,2878,1477,2936,Plásticos duros
data/batch_12/000033.jpg,2476,612,2747,929,Plásticos flexibles
data/batch_15/000058.jpg,1459,1836,1953,2688,Carton
data/batch_7/000129.JPG,740,828,814,889,Espuma flex
data/batch_15/000038.jpg,1103,2533,1137,2722,Plásticos duros
data/batch_8/000037.jpg,1039,1186,1568,2157,Vidrio
data/batch_7/000078.JPG,2179,1805,2406,2074,Carton
data/batch_12/000061.jpg,942,2198,1022,2309,Plásticos flexibles
data/batch_3/IMG_5054.JPG,2189,1827,2245,1865,Latas
data/batch_1/000048.jpg,211,1,628,1418,Vidrio
data/batch_6/000072.JPG,1337,906,1431,945,Empaques PET
data/batch_8/000036.jpg,1034,2039,1301,2296,Plásticos duros
data/batch_12/000084.jpg,700,828,890,994,Plásticos duros
data/batch_2/000009.JPG,757,1,1012,1039,Papel
data/batch_5/000118.JPG,1110,1050,1660,1483,Espuma flex
data/batch_15/000032.jpg,1925,1589,2382,2203,Espuma flex
data/batch_9/000089.jpg,743,1521,789,1551,Empaques PET
data/batch_8/000051.jpg,1729,1598,2269,1826,Empaques PET
data/batch_15/000065.jpg,2179,1519,2642,1581,Plásticos flexibles
data/batch_6/000080.JPG,1193,2024,1215,2077,Tapas plasticas
data/batch_8/000077.jpg,1063,602,1133,649,Carton
data/batch_12/000062.jpg,2236,2001,2388,2109,Plásticos flexibles
data/batch_3/IMG_5050.JPG,890,676,1344,2441,Latas
data/batch_2/000057.JPG,1104,1026,1297,1150,Plásticos flexibles
data/batch_15/000010.jpg,738,2684,847,2793,Plásticos duros
data/batch_8/000089.jpg,1432,575,1883,1067,Vidrio
data/batch_12/000062.jpg,361,1378,511,1497,Plásticos flexibles
data/batch_7/000001.JPG,3895,2872,4029,3005,Tapas plasticas
data/batch_6/000036.JPG,2198,992,2253,1049,Latas
data/batch_15/000065.jpg,2700,1121,2818,1271,Plásticos duros
data/batch_4/000073.JPG,1579,1327,2006,1767,Espuma flex
data/batch_12/000046.jpg,1777,1929,1973,2039,Plásticos duros
data/batch_7/000000.JPG,3521,2398,3682,2666,Plásticos flexibles
data/batch_13/000022.jpg,2336,938,3044,1376,Plásticos flexibles
data/batch_15/000070.jpg,405,1118,1240,1201,Plásticos flexibles
data/batch_11/000041.jpg,1374,2107,1705,2516,Latas
data/batch_13/000025.jpg,2281,2506,2344,2557,Plásticos duros
data/batch_12/000079.jpg,878,863,1258,1063,Tapas plasticas
data/batch_5/000035.JPG,1071,1242,1268,1423,Plásticos duros
data/batch_3/IMG_4998.JPG,1129,1456,1457,1610,Latas
data/batch_1/000048.jpg,1208,611,1577,1493, Envases de Tetra Pak
data/batch_8/000000.jpg,1509,1267,1578,1332,Papel
data/batch_6/000097.JPG,2066,1515,2155,1636,Plásticos flexibles
data/batch_6/000054.JPG,2011,654,2474,1046,Espuma flex
data/batch_8/000027.jpg,1044,1469,1254,1775,Empaques PET
data/batch_6/000069.JPG,2476,2007,2748,2335,Empaques PET
data/batch_5/000105.JPG,1672,224,1794,261,Plásticos flexibles
data/batch_12/000043.jpg,1646,1920,1817,2074,Plásticos flexibles
data/batch_6/000078.JPG,334,735,526,853,Empaques PET
data/batch_2/000044.JPG,1817,1322,1837,1358,Tapas plasticas
data/batch_10/000087.jpg,342,836,680,995,Empaques PET
data/batch_1/000027.jpg,668,717,1123,1372,Latas
data/batch_7/000142.JPG,1555,1192,1668,1360,Espuma flex
data/batch_9/000056.jpg,919,1680,1188,1957,Plásticos flexibles
data/batch_2/000099.JPG,1130,1066,1681,1442,Plásticos flexibles
data/batch_5/000049.JPG,1963,0,2069,286,Plásticos flexibles
data/batch_1/000128.JPG,52,71,810,725, Envases de Tetra Pak
data/batch_1/000065.JPG,53,480,1094,1527,Plásticos duros
data/batch_3/IMG_4893.JPG,950,1123,1052,1299,Papel
data/batch_12/000030.jpg,932,2479,1014,2535,Plásticos flexibles
data/batch_7/000049.JPG,186,1796,280,1863,Carton
data/batch_6/000057.JPG,441,1185,694,2051,Empaques PET
data/batch_6/000059.JPG,1979,837,2311,1145,Carton
data/batch_7/000127.JPG,1595,466,1710,683,Plásticos duros
data/batch_2/000005.JPG,330,769,1490,1879,Plásticos flexibles
data/batch_7/000035.JPG,1473,1217,2070,1896,Plásticos flexibles
data/batch_15/000017.jpg,460,1733,684,2054,Plásticos flexibles
data/batch_3/IMG_5064.JPG,1409,1086,2794,1952,Carton
data/batch_5/000020.JPG,1643,383,2007,845,Carton
data/batch_14/000047.jpg,1596,1917,2092,2723,Latas
data/batch_10/000003.jpg,516,377,764,555,Empaques PET
data/batch_12/000081.jpg,60,907,3169,2674,Plásticos flexibles
data/batch_10/000002.jpg,1224,994,1630,1194,Empaques PET
data/batch_10/000003.jpg,749,607,815,676,Plásticos flexibles
data/batch_9/000090.jpg,612,1278,729,1438,Latas
data/batch_8/000023.jpg,375,681,484,775,Vidrio
data/batch_6/000055.JPG,2028,1200,2403,1542,Vidrio
data/batch_15/000003.jpg,1208,2220,1513,2738,Empaques PET
data/batch_6/000023.JPG,726,1203,1077,1656,Empaques PET
data/batch_6/000017.JPG,389,580,1087,836,Empaques PET
data/batch_4/000061.JPG,909,1742,1092,1969,Tapas plasticas
data/batch_5/000067.JPG,883,1274,1343,1689,Empaques PET
data/batch_8/000016.jpg,1591,748,1613,787,Tapas plasticas
data/batch_10/000026.jpg,1689,777,2138,1216,Carton
data/batch_8/000054.jpg,184,524,596,865,Plásticos flexibles
data/batch_6/000064.JPG,1451,1038,1618,1152,Plásticos duros
data/batch_14/000094.jpg,1200,2518,1367,2726,Latas
data/batch_5/000015.JPG,1124,1603,1340,1763,Plásticos duros
data/batch_15/000078.jpg,1104,1200,1478,1690,Empaques PET
data/batch_4/000027.JPG,912,1952,1281,2243,Plásticos duros
data/batch_6/000056.JPG,2133,251,2959,987, Envases de Tetra Pak
data/batch_15/000002.jpg,1172,2302,1283,2332,Plásticos flexibles
data/batch_1/000129.JPG,618,1224,867,1466,Latas
data/batch_7/000092.JPG,1063,1043,1614,1650,Latas
data/batch_1/000129.JPG,335,641,955,1152,Carton
data/batch_13/000068.jpg,1376,2390,2062,2984,Plásticos duros
data/batch_15/000057.jpg,938,1725,2423,2707,Empaques PET
data/batch_1/000090.JPG,608,439,1539,1631,Latas
data/batch_1/000024.jpg,634,860,861,1092,Latas
data/batch_13/000025.jpg,156,2616,455,2754,Plásticos flexibles
data/batch_12/000078.jpg,626,955,3750,3095,Plásticos flexibles
data/batch_6/000072.JPG,1259,900,1298,977,Empaques PET
data/batch_7/000115.JPG,1654,827,1881,1017,Espuma flex
data/batch_2/000083.JPG,1115,1480,1427,1737,Carton
data/batch_13/000072.jpg,1035,2106,1885,2431,Plásticos duros
data/batch_1/000037.jpg,494,531,866,1064,Latas
data/batch_9/000072.jpg,1788,938,1948,1058,Plásticos duros
data/batch_11/000089.jpg,757,1399,1673,2036,Carton
data/batch_1/000047.jpg,1205,47,1828,768,Latas
data/batch_3/IMG_4911.JPG,775,1622,1074,1877,Empaques PET
data/batch_7/000044.JPG,240,1597,332,1671,Papel
data/batch_8/000097.jpg,1082,1279,1395,1632,Latas
data/batch_3/IMG_4948.JPG,1504,1391,1712,1489,Latas
data/batch_10/000005.jpg,1001,1226,1272,1404,Empaques PET
data/batch_13/000067.jpg,395,1032,4153,2074,Vidrio
data/batch_3/IMG_5058.JPG,787,1398,1101,1643,Latas
data/batch_1/000115.JPG,361,520,1059,851,Empaques PET
data/batch_6/000072.JPG,1300,1556,1359,1617,Plásticos flexibles
data/batch_12/000046.jpg,1852,1821,1918,2195,Plásticos flexibles
data/batch_1/000048.jpg,863,608,1216,1468, Envases de Tetra Pak
data/batch_12/000066.jpg,1072,880,1948,1660,Plásticos duros
data/batch_13/000054.jpg,876,1668,1132,1832,Latas
data/batch_1/000129.JPG,1014,805,1461,1167,Carton
data/batch_6/000045.JPG,624,1322,849,1920,Empaques PET
data/batch_15/000005.jpg,946,2362,1724,2905,Plásticos flexibles
data/batch_12/000061.jpg,2508,814,2630,932,Plásticos flexibles
data/batch_1/000127.JPG,0,158,1532,1314,Empaques PET
data/batch_15/000028.jpg,437,353,551,431,Plásticos duros
data/batch_2/000049.JPG,2348,969,2503,1033,Empaques PET
data/batch_13/000044.jpg,3533,1438,3950,1897,Plásticos flexibles
data/batch_13/000007.jpg,614,917,1654,2256,Plásticos flexibles
data/batch_1/000042.jpg,664,619,903,889,Latas
data/batch_13/000013.jpg,2633,431,3361,1126,Plásticos flexibles
data/batch_14/000084.jpg,1324,2115,1829,2445,Plásticos flexibles
data/batch_8/000042.jpg,319,1168,419,1196,Empaques PET
data/batch_6/000099.JPG,1239,1495,1400,1650,Empaques PET
data/batch_7/000031.JPG,863,1045,1809,1967,Plásticos duros
data/batch_1/000107.JPG,1909,544,2109,812,Plásticos flexibles
data/batch_3/IMG_4969.JPG,737,1616,977,1687,Empaques PET
data/batch_13/000025.jpg,581,1182,620,1268,Plásticos flexibles
data/batch_1/000102.JPG,955,340,1995,1218,Carton
data/batch_7/000126.JPG,1094,1642,1193,1738,Tapas plasticas
data/batch_14/000060.jpg,824,1413,1738,2669,Plásticos duros
data/batch_1/000072.JPG,704,1301,1387,1892,Plásticos flexibles
data/batch_1/000048.jpg,579,521,901,1442,Empaques PET
data/batch_5/000009.JPG,1413,1227,1597,1364,Plásticos duros
data/batch_12/000093.jpg,2867,2835,3092,3119,Plásticos duros
data/batch_5/000058.JPG,1092,1262,1253,1503,Plásticos flexibles
data/batch_12/000047.jpg,1504,1678,1645,1793,Empaques PET
data/batch_15/000000.jpg,569,2678,935,2874,Latas
data/batch_5/000055.JPG,850,671,1198,853,Plásticos duros
data/batch_8/000013.jpg,1365,439,1402,494,Tapas plasticas
data/batch_2/000061.JPG,1581,1404,1758,1559,Plásticos duros
data/batch_7/000019.JPG,1547,935,1805,1121,Empaques PET
data/batch_7/000039.JPG,1174,1554,1261,1608,Plásticos flexibles
data/batch_4/000080.JPG,2506,1406,2585,1492,Tapas plasticas
data/batch_6/000068.JPG,546,8,695,167,Papel
data/batch_11/000082.jpg,1503,1974,2064,2514,Plásticos flexibles
data/batch_13/000043.jpg,1199,657,2019,2432,Empaques PET
data/batch_1/000042.jpg,1179,662,1465,927,Latas
data/batch_8/000035.jpg,896,1983,1565,2325,Vidrio
data/batch_13/000026.jpg,1048,979,1195,1078,Tapas plasticas
data/batch_8/000046.jpg,1280,1081,1484,1194,Espuma flex
data/batch_12/000009.jpg,1691,400,2824,2028,Plásticos flexibles
data/batch_5/000083.JPG,1638,972,2036,1077,Empaques PET
data/batch_12/000025.jpg,140,1180,208,1273,Plásticos duros
data/batch_12/000017.jpg,876,2061,1527,2875,Plásticos flexibles
data/batch_6/000048.JPG,797,1128,1411,1740,Empaques PET
data/batch_8/000035.jpg,1331,559,1435,714,Vidrio
data/batch_9/000008.jpg,0,406,965,1219,Plásticos flexibles
data/batch_6/000097.JPG,1569,1456,1608,1519,Tapas plasticas
data/batch_5/000048.JPG,880,968,983,1203,Empaques PET
data/batch_15/000007.jpg,2068,1508,2386,1810,Carton
data/batch_4/000011.JPG,1200,2101,1337,2337,Plásticos duros
data/batch_4/000088.JPG,1374,1944,1467,2000,Espuma flex
data/batch_3/IMG_5061.JPG,1403,1284,1472,1331,Carton
data/batch_3/IMG_4941.JPG,1603,1728,1760,1794,Empaques PET
data/batch_15/000015.jpg,2924,1166,2942,1184,Tapas plasticas
data/batch_7/000135.JPG,1343,1577,1503,1978,Empaques PET
data/batch_9/000007.jpg,1197,200,1269,236,Empaques PET
data/batch_8/000083.jpg,1048,2015,1227,2250,Empaques PET
data/batch_13/000025.jpg,1158,235,1330,847,Plásticos flexibles
data/batch_7/000138.JPG,1897,1399,2056,1551,Plásticos duros
data/batch_8/000064.jpg,467,1046,680,1112,Carton
data/batch_7/000078.JPG,971,2004,995,2062,Plásticos flexibles
data/batch_8/000044.jpg,1595,1361,1757,1537,Carton
data/batch_4/000073.JPG,2480,632,2521,685,Plásticos duros
data/batch_13/000039.jpg,1054,1799,1254,1892,Tapas plasticas
data/batch_8/000040.jpg,1292,2108,1350,2178,Tapas plasticas
data/batch_3/IMG_4875.JPG,2116,2,2908,808,Carton
data/batch_4/000014.JPG,1655,1930,1746,2017,Tapas plasticas
data/batch_2/000010.JPG,1374,1308,1802,1669,Plásticos duros
data/batch_7/000068.JPG,1503,675,1678,832,Plásticos flexibles
data/batch_1/000064.JPG,913,1077,1519,1668,Espuma flex
data/batch_1/000129.JPG,984,901,1424,1534, Envases de Tetra Pak
data/batch_1/000014.jpg,914,1308,1157,1495,Espuma flex
data/batch_14/000098.jpg,1408,2034,1637,2206,Espuma flex
data/batch_7/000085.JPG,460,1223,481,1243,Tapas plasticas
data/batch_15/000049.jpg,1607,2867,1902,3019,Tapas plasticas
data/batch_15/000006.jpg,1308,1559,1438,1693,Plásticos duros
data/batch_6/000043.JPG,2205,1736,2489,2014,Plásticos flexibles
data/batch_8/000044.jpg,1867,80,2004,181,Empaques PET
data/batch_9/000002.jpg,2397,1545,2443,1578,Plásticos flexibles
data/batch_6/000045.JPG,683,1848,766,1919,Tapas plasticas
data/batch_1/000086.JPG,1246,1052,1653,1615,Plásticos duros
data/batch_12/000019.jpg,1126,1984,1612,2325,Plásticos duros
data/batch_6/000100.JPG,2478,1995,2745,2340,Empaques PET
data/batch_2/000084.JPG,975,81,1091,344,Plásticos flexibles
data/batch_2/000080.JPG,1404,2097,1666,2285,Latas
data/batch_14/000080.jpg,1696,2223,1855,2414,Plásticos duros
data/batch_9/000095.jpg,995,996,1197,1150, Envases de Tetra Pak
data/batch_12/000066.jpg,2750,576,3305,1161,Plásticos flexibles
data/batch_9/000070.jpg,822,1317,1132,1458,Empaques PET
data/batch_2/000095.JPG,1482,711,2063,1247,Plásticos flexibles
data/batch_1/000022.jpg,313,1400,727,1535,Plásticos flexibles
data/batch_15/000057.jpg,938,1749,1109,1975,Tapas plasticas
data/batch_12/000062.jpg,3427,1635,3601,1739,Plásticos flexibles
data/batch_14/000007.jpg,285,998,3653,2129,Empaques PET
data/batch_3/IMG_4893.JPG,1083,1815,1333,2366,Empaques PET
data/batch_14/000032.jpg,2031,2239,2400,2752,Papel
data/batch_3/IMG_4948.JPG,240,1431,392,1683,Empaques PET
data/batch_8/000014.jpg,794,1101,946,1405,Latas
data/batch_14/000088.jpg,1267,1771,1550,2177,Plásticos duros
data/batch_1/000054.jpg,605,259,984,1455,Empaques PET
data/batch_6/000072.JPG,1892,1040,1962,1071,Latas
data/batch_15/000061.jpg,714,535,887,1195,Plásticos duros
data/batch_4/000068.JPG,1273,1945,1576,2177,Plásticos duros
data/batch_13/000010.jpg,1475,689,3620,1449,Plásticos flexibles
data/batch_7/000140.JPG,2057,269,2099,323,Tapas plasticas
data/batch_11/000099.jpg,1484,2835,1558,2908,Tapas plasticas
data/batch_8/000014.jpg,1511,1447,1883,1595,Latas
data/batch_14/000093.jpg,1174,2023,1264,2098,Plásticos flexibles
data/batch_8/000031.jpg,1326,1056,1651,1387,Empaques PET
data/batch_14/000017.jpg,601,619,3310,2551,Carton
data/batch_5/000028.JPG,1055,1724,1396,2385,Empaques PET
data/batch_7/000091.JPG,1819,1200,1893,1285,Tapas plasticas
data/batch_14/000015.jpg,2587,2052,3870,3101,Empaques PET
data/batch_7/000010.JPG,3830,1432,4155,1566,Empaques PET
data/batch_13/000022.jpg,2425,1899,2833,2391,Plásticos duros
data/batch_7/000022.JPG,221,1305,678,1457,Plásticos flexibles
data/batch_11/000081.jpg,507,1954,1968,2599,Espuma flex
data/batch_6/000072.JPG,1023,1632,1068,1728,Empaques PET
data/batch_6/000051.JPG,1123,836,1272,1281,Empaques PET
data/batch_8/000082.jpg,408,1834,904,2203,Plásticos flexibles
data/batch_13/000093.jpg,40,450,3728,1948,Empaques PET
data/batch_12/000025.jpg,103,1242,165,1355,Plásticos duros
data/batch_10/000026.jpg,262,0,1915,1084,Plásticos flexibles
data/batch_15/000035.jpg,1329,2055,1922,2691,Latas
data/batch_13/000059.jpg,1551,711,2048,1581,Plásticos duros
data/batch_8/000052.jpg,1915,1111,2782,1341,Espuma flex
data/batch_1/000038.jpg,802,410,1215,754,Latas
data/batch_5/000045.JPG,847,1516,1389,2065,Empaques PET
data/batch_11/000039.jpg,3050,322,3460,525,Carton
data/batch_8/000028.jpg,1152,463,1425,691,Latas
data/batch_12/000025.jpg,2698,2372,2769,2447,Plásticos duros
data/batch_1/000104.JPG,734,1236,1926,2389,Latas
data/batch_15/000066.jpg,2179,1240,2909,2275,Plásticos duros
data/batch_6/000037.JPG,1046,275,1059,290,Plásticos duros
data/batch_3/IMG_4941.JPG,2743,1242,2807,1300,Plásticos duros
data/batch_2/000027.JPG,2299,1578,2638,1894,Latas
data/batch_15/000017.jpg,1206,1590,1439,2274,Empaques PET
data/batch_1/000048.jpg,610,521,795,618,Tapas plasticas
data/batch_7/000002.JPG,3300,3184,3377,3240,Plásticos duros
data/batch_14/000058.jpg,1037,945,2490,2115,Espuma flex
data/batch_12/000033.jpg,1167,1895,1419,2178,Empaques PET
data/batch_12/000061.jpg,490,1916,668,2199,Empaques PET
data/batch_12/000047.jpg,590,1051,978,1175,Carton
data/batch_7/000073.JPG,1434,1898,1478,1939,Tapas plasticas
data/batch_6/000019.JPG,950,804,1854,1408,Empaques PET
data/batch_6/000058.JPG,427,296,1299,631,Empaques PET
data/batch_8/000096.jpg,908,1783,1183,1986,Carton
data/batch_5/000056.JPG,817,2291,978,2428,Plásticos duros
data/batch_3/IMG_4916.JPG,614,616,1980,1975,Empaques PET
data/batch_7/000067.JPG,1726,1627,1805,1763,Plásticos duros
data/batch_13/000097.jpg,1293,989,2854,1558,Plásticos duros
